,propertyCode,price,operation,size,rooms,bathrooms,latitude,longitude,priceByArea,propertyType,floorNumeric
0,31187528,1850.0,rent,123.0,3,2,38.749382399999995,-9.1749618,15.0,flat,6.0
2,30898355,800.0,rent,86.0,1,1,38.7165816,-9.1559147,9.0,flat,4.0
4,30757294,4000.0,rent,136.0,4,2,38.7097107,-9.140938,29.0,flat,6.0
7,31187251,1200.0,rent,140.0,2,2,38.7670319,-9.156257400000001,9.0,flat,3.0
8,31187206,900.0,rent,39.0,1,1,38.71591970000001,-9.145599800000001,23.0,flat,7.0
9,31187101,950.0,rent,61.0,2,1,38.709415,-9.1493438,16.0,flat,2.0
10,30338573,550.0,rent,40.0,1,1,38.7113508,-9.128233300000002,14.0,flat,0.0
11,30543042,550.0,rent,34.0,1,1,38.7270974,-9.1624501,16.0,flat,0.0
12,31186840,1500.0,rent,109.0,4,2,38.737303000000004,-9.1341199,14.0,flat,2.0
13,31186738,1350.0,rent,97.0,2,2,38.7418989,-9.1349905,14.0,flat,3.0
14,30432315,850.0,rent,80.0,2,2,38.7267062,-9.1209395,11.0,duplex,2.0
15,31186682,750.0,rent,40.0,2,1,38.7115932,-9.1460504,19.0,flat,2.0
16,31173325,900.0,rent,115.0,3,2,38.741723,-9.1298497,8.0,flat,5.0
22,31185562,950.0,rent,60.0,2,1,38.7214829,-9.1454156,16.0,flat,1.0
23,31185510,1500.0,rent,110.0,3,2,38.7256326,-9.1628381,14.0,flat,2.0
24,31185401,1180.0,rent,120.0,4,2,38.7253865,-9.1211835,10.0,flat,2.0
25,31185383,2850.0,rent,156.0,4,3,38.7346717,-9.1521109,18.0,flat,5.0
26,31185362,2800.0,rent,224.0,4,4,38.738660499999995,-9.1438466,13.0,flat,2.0
27,31185286,900.0,rent,60.0,1,1,38.7166512,-9.154752499999999,15.0,flat,1.0
31,31185159,1050.0,rent,90.0,3,1,38.7191405,-9.1229028,12.0,flat,3.0
32,31185120,950.0,rent,45.0,0,1,38.723991399999996,-9.1561256,21.0,studio,2.0
33,30341681,1600.0,rent,89.0,2,2,38.7224521,-9.1550811,18.0,flat,9.0
34,30588999,659.0,rent,42.0,0,1,38.7134177,-9.1520591,16.0,studio,3.0
35,30689967,1800.0,rent,172.0,3,3,38.7359667,-9.150136900000001,10.0,flat,1.0
36,31185047,900.0,rent,84.0,2,2,38.7192652,-9.1297885,11.0,flat,1.0
37,31184998,2800.0,rent,100.0,1,1,38.7113116,-9.134449499999999,28.0,flat,2.0
38,31184880,690.0,rent,65.0,2,1,38.731688399999996,-9.1315549,11.0,flat,4.0
39,31184849,1200.0,rent,75.0,2,1,38.7114275,-9.136863,16.0,flat,4.0
1,28462269,1100.0,rent,76.0,2,1,38.721279200000005,-9.136986300000002,14.0,flat,1.0
4,31012310,1700.0,rent,134.0,2,2,38.727056,-9.1585352,13.0,flat,2.0
5,31011803,2500.0,rent,125.0,3,3,38.7439085,-9.1448835,20.0,flat,1.0
11,30957421,1500.0,rent,52.0,2,1,38.7444532,-9.1446102,29.0,flat,7.0
14,30919114,1950.0,rent,129.0,2,3,38.7180399,-9.1397465,15.0,flat,3.0
16,30928948,1000.0,rent,77.0,2,1,38.7391859,-9.1638422,13.0,flat,4.0
17,30868927,1950.0,rent,120.0,3,2,38.713088,-9.155793800000001,16.0,flat,3.0
19,30863685,2300.0,rent,183.0,5,4,38.7329744,-9.145081900000001,13.0,flat,7.0
21,30852233,900.0,rent,71.0,2,1,38.7256788,-9.1631901,13.0,flat,1.0
7,30487897,2500.0,rent,116.15,1,1,38.728206,-9.1469735,22.0,flat,3.0
8,30433947,6500.0,rent,235.75,4,3,38.7136516,-9.1535188,28.0,flat,3.0
11,30360784,1100.0,rent,45.0,0,1,38.7083451,-9.1515228,24.0,studio,4.0
13,30291845,2000.0,rent,142.0,3,3,38.7481281,-9.1737868,14.0,flat,6.0
14,31168204,900.0,rent,82.0,2,1,38.71884179999999,-9.1232757,11.0,flat,2.0
15,31166703,2900.0,rent,311.0,4,4,38.737655600000004,-9.140656199999999,9.0,flat,2.0
16,31164562,2950.0,rent,180.0,3,3,38.730767799999995,-9.1594151,16.0,flat,5.0
17,31164579,1900.0,rent,120.0,2,2,38.744445500000005,-9.142205699999998,16.0,flat,1.0
18,31164085,1500.0,rent,92.0,3,2,38.7373281,-9.1396391,16.0,flat,1.0
19,31150757,2500.0,rent,180.0,4,3,38.734654299999995,-9.147611900000001,14.0,flat,4.0
20,31150641,1600.0,rent,128.8,4,2,38.7568635,-9.1615029,12.0,flat,1.0
21,31145977,1300.0,rent,100.0,3,2,38.7165488,-9.1459784,13.0,flat,1.0
22,31147709,1250.0,rent,63.0,1,1,38.7239391,-9.1422245,20.0,flat,0.0
23,30741742,1400.0,rent,70.0,2,1,38.7197344,-9.144217,20.0,flat,4.0
24,27996894,1600.0,rent,130.0,3,3,38.7107898,-9.130595399999999,12.0,flat,2.0
26,31130236,3000.0,rent,212.0,4,3,38.740072600000005,-9.1503746,14.0,flat,1.0
27,30443969,4000.0,rent,183.0,3,2,38.715352,-9.166917300000001,22.0,flat,9.0
29,31127367,1900.0,rent,104.0,2,2,38.742580600000004,-9.148149400000001,18.0,flat,9.0
30,31127368,1800.0,rent,129.0,2,2,38.7422806,-9.1447494,14.0,flat,5.0
31,30651847,1700.0,rent,149.5,3,2,38.7477226,-9.1409542,11.0,flat,7.0
33,31118430,1850.0,rent,169.0,4,3,38.7361035,-9.1448154,11.0,flat,0.0
34,31110448,850.0,rent,67.0,1,1,38.7153427,-9.1519069,13.0,duplex,3.0
35,31105998,1280.0,rent,107.0,3,2,38.7606192,-9.166619500000001,12.0,flat,5.0
36,31093786,1500.0,rent,118.0,4,2,38.744409499999996,-9.1420269,13.0,flat,2.0
38,31089136,950.0,rent,85.0,2,1,38.712513,-9.1585155,11.0,flat,2.0
39,31058177,875.0,rent,56.0,1,1,38.7221521,-9.1376383,16.0,flat,3.0
0,31058174,850.0,rent,48.0,1,1,38.7357875,-9.1270985,18.0,flat,4.0
1,31052788,1650.0,rent,131.0,3,2,38.742212200000004,-9.128254,13.0,flat,5.0
2,31051507,1400.0,rent,98.0,2,2,38.726653799999994,-9.1466916,14.0,flat,3.0
3,30993527,1650.0,rent,175.0,3,3,38.7496086,-9.1380386,9.0,flat,10.0
4,30988607,1400.0,rent,135.0,3,3,38.7204416,-9.1587271,10.0,flat,1.0
5,30930820,1200.0,rent,120.0,2,1,38.7487165,-9.1436629,10.0,flat,6.0
6,30918423,1500.0,rent,151.0,4,2,38.7465576,-9.140670199999999,10.0,flat,4.0
8,30883886,1300.0,rent,117.0,3,3,38.742061799999995,-9.143928,11.0,duplex,1.0
12,31164432,2990.0,rent,215.0,4,4,38.7630885,-9.164939,14.0,flat,7.0
13,31159328,990.0,rent,93.0,3,2,38.737832399999995,-9.1524309,11.0,flat,3.0
15,31150728,1400.0,rent,123.0,3,2,38.7471518,-9.1310541,11.0,flat,0.0
18,30749416,2650.0,rent,220.0,3,3,38.7444271,-9.1603332,12.0,flat,2.0
19,31121873,1300.0,rent,110.0,4,3,38.7459136,-9.133710699999998,12.0,flat,3.0
20,31124053,750.0,rent,67.0,2,1,38.7449369,-9.1408615,11.0,flat,3.0
22,31121152,770.0,rent,65.0,1,1,38.7178802,-9.148238699999999,12.0,flat,1.0
25,30890389,850.0,rent,77.0,2,1,38.7097645,-9.161986,11.0,flat,3.0
26,31177877,1450.0,rent,118.0,3,2,38.71163,-9.1605155,12.0,flat,4.0
27,31055678,1150.0,rent,83.0,2,2,38.750479600000006,-9.14218,14.0,flat,2.0
28,30993473,500.0,rent,34.0,1,1,38.711550700000004,-9.129977,15.0,flat,0.0
29,31172903,700.0,rent,45.0,1,1,38.7338643,-9.1376137,16.0,flat,1.0
31,31166062,1950.0,rent,168.0,5,2,38.713206,-9.155253,12.0,flat,0.0
33,31158727,10000.0,rent,609.0,6,7,38.743728499999996,-9.1584369,16.0,flat,5.0
35,31157633,950.0,rent,80.0,1,1,38.7502095,-9.1641758,12.0,flat,5.0
38,31140481,800.0,rent,65.0,2,1,38.7338479,-9.1261209,12.0,flat,0.0
39,31140095,800.0,rent,43.0,0,1,38.7098004,-9.126144199999999,19.0,studio,3.0
0,31140003,800.0,rent,41.0,0,1,38.7108004,-9.1296442,20.0,studio,3.0
1,31140093,1500.0,rent,84.0,2,2,38.712900399999995,-9.1281442,18.0,flat,3.0
2,31132359,1200.0,rent,73.0,3,2,38.7136168,-9.137045,16.0,flat,1.0
4,31124956,3250.0,rent,261.0,4,5,38.729893,-9.1534865,12.0,flat,4.0
7,30850926,2000.0,rent,170.2,1,2,38.7093282,-9.1472428,12.0,duplex,1.0
8,31173719,2800.0,rent,189.0,3,2,38.723311700000004,-9.1460804,15.0,flat,1.0
11,28939614,2990.0,rent,215.0,4,4,38.7630584,-9.1628044,14.0,flat,7.0
12,31169265,700.0,rent,55.0,2,1,38.735184999999994,-9.1356562,13.0,flat,0.0
13,31107310,2950.0,rent,263.0,6,3,38.7279521,-9.147980699999998,11.0,flat,5.0
14,31106856,3750.0,rent,349.0,5,4,38.732459000000006,-9.149451800000001,11.0,flat,3.0
15,31106855,3150.0,rent,322.0,5,3,38.7298094,-9.1508608,10.0,flat,5.0
16,31106206,6000.0,rent,334.0,4,5,38.723763299999995,-9.115929300000001,18.0,duplex,0.0
18,31101722,1600.0,rent,87.0,2,2,38.7238161,-9.153650099999998,18.0,flat,9.0
19,31101562,3750.0,rent,349.0,5,5,38.716193,-9.156202,11.0,flat,3.0
21,31094764,2100.0,rent,128.0,2,3,38.718910799999996,-9.1320548,16.0,flat,3.0
23,31095688,1950.0,rent,195.0,4,3,38.726511200000004,-9.1619415,10.0,flat,3.0
24,31097929,1200.0,rent,110.0,1,2,38.7349559,-9.133251800000002,11.0,flat,6.0
25,31094478,2500.0,rent,113.0,2,3,38.7211125,-9.1529226,22.0,flat,3.0
30,31085049,1900.0,rent,104.0,2,2,38.743413200000006,-9.1472248,18.0,flat,4.0
31,31085964,990.0,rent,66.0,2,1,38.7156935,-9.1294988,15.0,flat,3.0
33,31079975,1900.0,rent,260.0,3,2,38.7164977,-9.156281,7.0,duplex,0.0
34,31077880,1500.0,rent,120.0,2,2,38.7351049,-9.152001199999999,13.0,flat,4.0
35,31072578,1050.0,rent,59.0,2,2,38.743526,-9.1682771,18.0,flat,4.0
36,31072068,10000.0,rent,558.0,6,7,38.7451285,-9.161636900000001,18.0,flat,5.0
37,31072085,3800.0,rent,167.0,3,3,38.7165376,-9.142594099999998,23.0,flat,7.0
38,31069665,750.0,rent,50.0,1,1,38.7142165,-9.147550599999999,15.0,duplex,0.0
2,31036756,3000.0,rent,180.0,3,3,38.720957500000004,-9.159041499999999,17.0,flat,12.0
5,31034106,800.0,rent,55.0,2,1,38.7157901,-9.1384993,15.0,flat,3.0
6,31026363,2500.0,rent,210.0,4,3,38.735254299999994,-9.1456119,12.0,flat,4.0
7,31024221,2200.0,rent,103.0,2,2,38.7281881,-9.1495511,21.0,flat,6.0
8,31024232,2270.0,rent,103.0,2,2,38.72668529999999,-9.1466817,22.0,flat,5.0
10,28879146,3950.0,rent,235.0,3,4,38.7319723,-9.1460677,17.0,flat,2.0
11,31011351,1250.0,rent,77.05,1,1,38.7119174,-9.1526871,16.0,flat,1.0
12,31009149,980.0,rent,95.0,2,1,38.7290906,-9.122701699999999,10.0,flat,0.0
14,30676435,1400.0,rent,120.0,4,2,38.735831,-9.150997,12.0,flat,1.0
17,30977078,1900.0,rent,118.0,2,2,38.709844,-9.1489852,16.0,flat,4.0
18,30975174,950.0,rent,84.0,2,2,38.7489389,-9.118757,11.0,flat,3.0
21,30924125,2500.0,rent,200.0,5,4,38.7458151,-9.1657081,13.0,flat,4.0
22,30910477,1500.0,rent,120.0,5,3,38.7446754,-9.138876400000001,13.0,flat,3.0
24,30036661,800.0,rent,44.0,0,1,38.71852020000001,-9.147457000000001,18.0,studio,0.0
26,30861870,1300.0,rent,78.0,2,1,38.730030299999996,-9.1334067,17.0,flat,2.0
28,30861588,3000.0,rent,235.0,4,3,38.7317912,-9.1499691,13.0,flat,5.0
30,30857717,10000.0,rent,519.0,6,7,38.7436476,-9.1621615,19.0,flat,5.0
32,30855549,1700.0,rent,180.0,4,2,38.7350208,-9.1549456,9.0,flat,3.0
33,30854055,2500.0,rent,84.0,1,1,38.7207959,-9.1458373,30.0,flat,1.0
34,30846731,1500.0,rent,80.0,2,1,38.7428532,-9.1413102,19.0,flat,7.0
35,30842206,2650.0,rent,205.0,4,4,38.7241246,-9.163557800000001,13.0,flat,7.0
38,30827995,1500.0,rent,117.0,4,2,38.7483336,-9.143040800000001,13.0,flat,1.0
0,30773683,2500.0,rent,220.0,4,4,38.7294608,-9.138845,11.0,flat,5.0
1,30744294,5000.0,rent,300.0,3,3,38.7468369,-9.1517509,17.0,flat,2.0
3,27248411,950.0,rent,81.0,2,1,38.7069902,-9.1580189,12.0,flat,2.0
4,30714355,1850.0,rent,40.0,0,1,38.7081461,-9.1475467,46.0,studio,4.0
5,30707679,2900.0,rent,240.0,3,3,38.7146261,-9.154222,12.0,flat,3.0
7,30685424,2500.0,rent,250.0,4,4,38.72792570000001,-9.155998599999998,10.0,flat,2.0
11,30598203,3500.0,rent,261.0,5,2,38.7285201,-9.1486339,13.0,flat,4.0
13,30552304,950.0,rent,53.0,2,1,38.7118993,-9.1666804,18.0,flat,0.0
17,30404670,2400.0,rent,84.0,1,1,38.7220929,-9.146970399999999,29.0,flat,3.0
18,30404669,2200.0,rent,84.0,1,1,38.7193929,-9.1437704,26.0,flat,1.0
19,30333513,1075.0,rent,100.0,2,2,38.7293222,-9.134307699999999,11.0,flat,6.0
20,30333472,4500.0,rent,160.0,3,3,38.7497921,-9.147928199999999,28.0,flat,5.0
21,30300221,1650.0,rent,156.0,3,2,38.7270164,-9.1599097,11.0,flat,3.0
23,30162837,2700.0,rent,76.0,1,1,38.716688,-9.1440263,36.0,flat,5.0
25,29727412,1690.0,rent,108.0,2,2,38.7481811,-9.1426589,16.0,flat,15.0
26,30695393,1100.0,rent,59.0,1,1,38.711893100000005,-9.1404444,19.0,flat,2.0
28,31175890,1000.0,rent,75.0,2,2,38.750679600000005,-9.14358,13.0,flat,3.0
29,31172800,800.0,rent,67.0,1,1,38.7209843,-9.1595161,12.0,flat,1.0
30,31170710,1150.0,rent,75.0,1,1,38.7451342,-9.149198199999999,15.0,flat,5.0
32,31168456,980.0,rent,75.0,2,1,38.7431342,-9.149498199999998,13.0,flat,2.0
34,29864957,1350.0,rent,94.0,2,3,38.720480200000004,-9.1280978,14.0,flat,0.0
36,31091393,1150.0,rent,75.0,1,1,38.7127837,-9.1425226,15.0,flat,2.0
39,31073493,1700.0,rent,137.0,2,2,38.744026899999994,-9.1531118,12.0,flat,5.0
2,31054169,875.0,rent,48.0,1,1,38.7367068,-9.127170800000002,18.0,flat,4.0
3,31053224,1500.0,rent,67.0,1,1,38.7206987,-9.148267599999999,22.0,flat,1.0
6,31037080,1150.0,rent,70.0,1,1,38.746257799999995,-9.1553641,16.0,flat,1.0
7,31025985,1150.0,rent,88.0,1,1,38.7459219,-9.1563535,13.0,flat,1.0
8,31025841,725.0,rent,51.0,1,1,38.729451899999994,-9.1350743,14.0,flat,3.0
9,31024970,2000.0,rent,134.0,1,2,38.7112579,-9.1382194,15.0,flat,4.0
10,31025109,1650.0,rent,129.0,3,2,38.7245617,-9.154658900000001,13.0,flat,5.0
11,31022781,1100.0,rent,88.0,2,1,38.744850899999996,-9.1163,13.0,flat,13.0
13,28880776,850.0,rent,95.0,3,1,38.7177797,-9.1234918,9.0,flat,1.0
15,30933145,1050.0,rent,95.0,2,1,38.7197554,-9.1257882,11.0,flat,2.0
16,30913537,1500.0,rent,120.0,2,2,38.7135637,-9.1384448,13.0,flat,2.0
17,30876426,1400.0,rent,110.0,3,3,38.7408618,-9.140728,13.0,flat,1.0
18,30835555,1450.0,rent,120.0,2,2,38.7236925,-9.152968300000001,12.0,flat,1.0
19,30825137,850.0,rent,51.0,1,1,38.7293741,-9.146216699999998,17.0,flat,5.0
20,30777565,775.0,rent,60.0,1,1,38.724253000000004,-9.1364831,13.0,flat,2.0
21,30700936,3000.0,rent,275.0,4,3,38.7383456,-9.1674149,11.0,flat,4.0
23,30560608,1050.0,rent,46.0,1,1,38.7221236,-9.145894,23.0,flat,3.0
24,31145482,2100.0,rent,169.0,4,3,38.7473685,-9.146348399999999,12.0,flat,11.0
25,31173330,1000.0,rent,51.0,1,1,38.748543,-9.1526921,20.0,flat,5.0
26,31168624,2500.0,rent,170.0,3,3,38.742268,-9.1615248,15.0,flat,1.0
27,31164678,990.0,rent,70.0,2,1,38.717493499999996,-9.1293988,14.0,flat,3.0
29,31137218,900.0,rent,80.0,2,1,38.7497954,-9.097551300000001,11.0,flat,4.0
30,31137134,1025.0,rent,105.0,2,1,38.7346284,-9.135555400000001,10.0,flat,1.0
31,31131956,1025.0,rent,105.0,2,1,38.7322284,-9.1331554,10.0,flat,3.0
32,31130796,880.0,rent,75.0,2,1,38.7498977,-9.1433209,12.0,flat,1.0
33,31131697,1000.0,rent,52.0,1,1,38.736628100000004,-9.130391900000001,19.0,flat,0.0
34,31126739,1125.0,rent,81.0,1,1,38.718006700000004,-9.1666711,14.0,flat,2.0
36,30940367,4200.0,rent,252.0,4,4,38.74781420000001,-9.1470256,17.0,flat,5.0
38,31172147,1250.0,rent,80.0,2,1,38.744691700000004,-9.1569726,16.0,flat,16.0
39,31169210,1200.0,rent,59.0,1,1,38.7352449,-9.146547300000002,20.0,flat,6.0
0,31006132,4300.0,rent,240.0,4,4,38.730841299999994,-9.1491437,18.0,flat,2.0
2,31071830,850.0,rent,60.0,1,1,38.731799,-9.122781199999999,14.0,flat,0.0
4,31066433,1650.0,rent,144.0,3,2,38.7335559,-9.1552088,11.0,flat,0.0
6,31055214,850.0,rent,65.0,2,1,38.7269016,-9.1499989,13.0,flat,2.0
7,31052827,3000.0,rent,156.0,4,3,38.7483002,-9.149516,19.0,flat,5.0
8,31051269,2000.0,rent,132.0,3,3,38.7316792,-9.1311427,15.0,flat,2.0
10,31031642,2400.0,rent,185.0,5,2,38.7128521,-9.1352687,13.0,duplex,2.0
15,30913698,950.0,rent,67.0,1,1,38.7138901,-9.150370599999999,14.0,duplex,3.0
17,30890092,600.0,rent,35.0,0,1,38.720156200000005,-9.1362599,17.0,studio,3.0
18,30843577,1650.0,rent,180.0,4,3,38.74650820000001,-9.139938699999998,9.0,flat,8.0
19,30841827,2000.0,rent,145.0,4,3,38.7438335,-9.1468608,14.0,flat,4.0
21,30831175,1200.0,rent,130.0,2,2,38.7674294,-9.154495599999999,9.0,flat,3.0
25,31176983,690.0,rent,65.0,2,1,38.7312884,-9.1326549,11.0,flat,4.0
27,31168583,1400.0,rent,108.0,2,2,38.7432903,-9.1335359,13.0,flat,3.0
28,31149071,1250.0,rent,63.0,1,1,38.7102645,-9.1411681,20.0,flat,3.0
29,31129411,1950.0,rent,102.0,2,2,38.7179732,-9.1622297,19.0,flat,2.0
30,31106063,1300.0,rent,120.0,1,1,38.710911100000004,-9.129534699999999,11.0,flat,1.0
31,30833248,2800.0,rent,230.0,4,3,38.7406974,-9.141803300000001,12.0,flat,4.0
32,31177828,3200.0,rent,200.0,4,4,38.733507200000005,-9.1538235,16.0,flat,5.0
33,31114219,1300.0,rent,150.0,4,3,38.7086867,-9.158927,9.0,flat,1.0
34,31097363,3750.0,rent,236.0,5,4,38.7383655,-9.1497028,16.0,flat,1.0
35,31097362,850.0,rent,66.0,1,1,38.71945720000001,-9.1698117,13.0,flat,2.0
36,30959383,700.0,rent,70.0,3,1,38.713278,-9.168047,10.0,flat,1.0
37,31066477,1100.0,rent,68.0,2,1,38.7335846,-9.1304449,16.0,flat,4.0
38,31022112,800.0,rent,51.0,1,1,38.7210916,-9.164558,16.0,flat,2.0
39,31026127,1300.0,rent,92.0,2,2,38.7173099,-9.1240283,14.0,flat,2.0
0,31007413,1000.0,rent,90.0,3,2,38.7330756,-9.162167199999999,11.0,flat,2.0
3,30934353,2000.0,rent,115.0,1,2,38.7090016,-9.1462964,17.0,flat,3.0
4,30890394,950.0,rent,82.0,2,1,38.7096645,-9.163686,12.0,flat,3.0
5,30874463,1400.0,rent,80.0,3,2,38.741280700000004,-9.1304709,18.0,flat,5.0
7,30854264,1500.0,rent,110.0,3,3,38.74456179999999,-9.143628,14.0,duplex,1.0
8,29479633,2600.0,rent,150.0,3,2,38.7352717,-9.1525109,17.0,flat,5.0
9,30754236,1600.0,rent,106.0,3,2,38.7095331,-9.136073699999999,15.0,flat,4.0
11,31165965,1100.0,rent,90.0,2,2,38.7141058,-9.1692009,12.0,flat,3.0
13,31143856,850.0,rent,65.0,1,1,38.7140901,-9.1538706,13.0,duplex,3.0
14,31122333,3000.0,rent,253.0,4,3,38.729948799999995,-9.1466507,12.0,flat,5.0
15,31118449,900.0,rent,115.0,2,1,38.7325698,-9.128910300000001,8.0,flat,4.0
16,31118238,900.0,rent,115.0,2,1,38.7308398,-9.1268526,8.0,flat,4.0
18,31172981,2500.0,rent,135.0,4,2,38.70855529999999,-9.1528138,19.0,flat,1.0
19,31172427,1040.0,rent,43.0,1,1,38.7338856,-9.144107199999999,24.0,flat,4.0
20,31172552,990.0,rent,35.0,1,1,38.7336856,-9.147507199999998,28.0,flat,2.0
21,31172412,910.0,rent,32.0,1,1,38.7332856,-9.144207199999999,28.0,flat,2.0
22,31172380,850.0,rent,25.0,0,1,38.7355856,-9.144307199999998,34.0,studio,5.0
23,31169728,1200.0,rent,102.0,2,1,38.7196809,-9.1705522,12.0,flat,1.0
24,31113288,1525.0,rent,145.0,3,2,38.744314700000004,-9.134392,11.0,flat,2.0
25,31113081,1150.0,rent,67.0,2,1,38.722458,-9.157011500000001,17.0,flat,3.0
26,31110847,900.0,rent,60.0,2,1,38.731743200000004,-9.1337926,15.0,flat,2.0
31,31106795,850.0,rent,60.0,1,1,38.743660999999996,-9.158621,14.0,flat,4.0
32,31104306,1750.0,rent,131.0,3,2,38.7310467,-9.1514056,13.0,flat,3.0
33,31099952,1300.0,rent,80.0,2,2,38.727756799999995,-9.133375,16.0,flat,1.0
34,31099383,695.0,rent,41.0,1,1,38.7117535,-9.145775599999999,17.0,flat,1.0
35,31094446,1950.0,rent,200.0,4,3,38.7258604,-9.1614347,10.0,flat,4.0
36,30607665,900.0,rent,78.0,3,1,38.73513270000001,-9.1288839,12.0,flat,4.0
37,31094160,1700.0,rent,151.0,3,2,38.7377357,-9.146974400000001,11.0,flat,2.0
38,31091988,800.0,rent,70.0,2,1,38.731794,-9.132267800000001,11.0,flat,2.0
0,31067085,11500.0,rent,861.0,25,6,38.7433223,-9.148228199999998,13.0,penthouse,4.0
1,31067044,5990.0,rent,431.0,13,3,38.7433223,-9.148228199999998,14.0,penthouse,4.0
2,31062741,900.0,rent,93.0,3,2,38.7253876,-9.1338975,10.0,flat,3.0
3,31055561,950.0,rent,80.0,2,1,38.7280032,-9.1363661,12.0,flat,4.0
4,31053322,1250.0,rent,120.0,2,2,38.748513700000004,-9.1481299,10.0,flat,8.0
5,31046265,1000.0,rent,81.0,2,1,38.716981700000005,-9.1263799,12.0,flat,5.0
6,31040850,800.0,rent,70.0,1,1,38.7416551,-9.129846699999998,11.0,flat,6.0
7,31034373,1450.0,rent,150.0,5,2,38.7567376,-9.130732,10.0,flat,2.0
8,30849417,2700.0,rent,220.0,8,3,38.7403464,-9.1424526,12.0,flat,4.0
10,30902616,1250.0,rent,150.0,5,2,38.754323,-9.1349181,8.0,flat,3.0
11,30999803,1190.0,rent,69.0,2,1,38.7108015,-9.149461099999998,17.0,flat,1.0
12,30985580,2380.0,rent,134.0,1,2,38.709538,-9.1385329,18.0,flat,4.0
13,30973804,1400.0,rent,113.0,5,2,38.7395757,-9.1477326,12.0,flat,4.0
14,30967319,1150.0,rent,74.0,1,1,38.7154441,-9.148873599999998,16.0,flat,2.0
16,30964573,1900.0,rent,169.0,3,2,38.7276317,-9.1309983,11.0,flat,3.0
17,30933963,2000.0,rent,170.0,4,2,38.7429046,-9.1357719,12.0,flat,4.0
18,30913979,890.0,rent,70.0,2,1,38.710419200000004,-9.145894,13.0,flat,3.0
19,30899158,1200.0,rent,126.0,3,2,38.747053799999996,-9.1409065,10.0,flat,0.0
20,28661069,5990.0,rent,431.0,12,3,38.7433223,-9.148228199999998,14.0,penthouse,4.0
21,30885984,1050.0,rent,55.0,1,1,38.7431031,-9.131058300000001,19.0,flat,4.0
22,30880812,1399.0,rent,151.0,4,2,38.742256299999994,-9.1288551,9.0,flat,7.0
23,30879133,1300.0,rent,72.0,2,1,38.7090234,-9.1459946,18.0,flat,3.0
25,30737364,1500.0,rent,81.0,2,2,38.7327841,-9.1475823,19.0,flat,3.0
26,30719180,880.0,rent,73.0,2,1,38.747485299999994,-9.157817800000002,12.0,flat,2.0
27,30716624,690.0,rent,46.0,1,1,38.73137020000001,-9.1290959,15.0,flat,2.0
28,30703767,1000.0,rent,49.0,1,1,38.7107267,-9.149223300000001,20.0,flat,2.0
29,30685739,790.0,rent,30.0,0,1,38.7207845,-9.1389476,26.0,studio,2.0
31,30673853,875.0,rent,91.0,3,1,38.7258257,-9.137985,10.0,flat,4.0
32,30673606,900.0,rent,86.0,2,1,38.7377412,-9.1238413,10.0,flat,3.0
34,30671358,1990.0,rent,100.0,1,1,38.7112633,-9.142694699999998,20.0,flat,3.0
36,30655145,1200.0,rent,101.0,4,1,38.7368349,-9.131142,12.0,flat,1.0
37,30648022,1700.0,rent,118.45,2,2,38.71053,-9.1348263,14.0,flat,3.0
39,30633214,800.0,rent,41.0,1,1,38.749896500000006,-9.1492575,20.0,flat,1.0
0,31184814,1699.0,rent,220.0,5,3,38.7270609,-9.1449014,8.0,flat,6.0
1,31184813,1100.0,rent,75.0,2,1,38.7201424,-9.1353849,15.0,flat,1.0
3,31184724,925.0,rent,83.0,2,1,38.7260025,-9.1675192,11.0,flat,2.0
4,31184725,2000.0,rent,126.0,4,2,38.7420675,-9.149455099999999,16.0,flat,4.0
13,31183569,1500.0,rent,173.0,3,3,38.741735999999996,-9.1239876,9.0,flat,4.0
15,31183426,900.0,rent,72.0,2,1,38.724087899999994,-9.1327791,13.0,flat,1.0
19,31182873,2990.0,rent,215.0,4,3,38.7081704,-9.1441219,14.0,flat,3.0
20,31182861,1300.0,rent,90.0,2,2,38.7353865,-9.1509895,14.0,flat,7.0
22,31182788,980.0,rent,67.0,1,1,38.7189311,-9.1662893,15.0,flat,1.0
23,31182807,1100.0,rent,100.0,3,2,38.7485261,-9.1454143,11.0,flat,3.0
24,31182765,1000.0,rent,70.0,0,1,38.722789399999996,-9.139435699999998,14.0,studio,0.0
25,31182734,900.0,rent,90.0,3,1,38.7187698,-9.130251699999999,10.0,flat,2.0
26,31182757,1400.0,rent,130.0,5,2,38.739163,-9.147265800000001,11.0,flat,4.0
28,31182705,1250.0,rent,76.0,2,1,38.71667070000001,-9.124459300000002,16.0,flat,4.0
29,31182658,1200.0,rent,120.0,3,2,38.7236935,-9.130893400000001,10.0,flat,2.0
30,31182685,900.0,rent,85.0,3,1,38.746032299999996,-9.1417442,11.0,flat,2.0
31,31182614,1525.0,rent,140.0,3,2,38.7470764,-9.1440183,11.0,flat,1.0
33,31182587,820.0,rent,65.0,2,1,38.7669257,-9.116651,13.0,flat,6.0
34,29326824,720.0,rent,51.0,2,1,38.724062100000005,-9.136425599999999,14.0,flat,0.0
35,31182322,2300.0,rent,135.0,4,2,38.7379838,-9.1443998,17.0,flat,5.0
36,31182082,1700.0,rent,180.0,4,3,38.7351412,-9.154402699999999,9.0,flat,2.0
37,31182081,1700.0,rent,160.0,3,2,38.733093,-9.1518865,11.0,flat,1.0
2,30555176,1200.0,rent,68.0,1,2,38.7338799,-9.143013999999999,18.0,flat,6.0
3,30501709,3000.0,rent,180.0,4,2,38.7247573,-9.1558451,17.0,flat,3.0
4,30454121,1700.0,rent,130.0,3,2,38.715249,-9.119891099999998,13.0,flat,2.0
5,30430240,900.0,rent,63.0,2,1,38.7448566,-9.1460932,14.0,flat,2.0
6,29018939,1600.0,rent,110.0,4,2,38.7162771,-9.130425500000001,15.0,flat,1.0
7,30259302,1250.0,rent,125.0,3,1,38.7268,-9.164386300000002,10.0,flat,1.0
8,30253301,1500.0,rent,117.0,3,2,38.759518799999995,-9.1641751,13.0,flat,8.0
9,30246372,1800.0,rent,152.0,2,2,38.716005200000005,-9.1459183,12.0,penthouse,3.0
10,30244078,1500.0,rent,82.0,2,2,38.7312125,-9.1463164,18.0,flat,0.0
11,30232240,1100.0,rent,105.0,2,2,38.742502,-9.131486599999999,10.0,penthouse,3.0
12,30197060,900.0,rent,63.0,1,1,38.7197282,-9.1610769,14.0,flat,3.0
13,30189710,1800.0,rent,185.0,5,3,38.732964,-9.147766800000001,10.0,flat,2.0
14,30107793,5000.0,rent,220.0,3,3,38.74796129999999,-9.1496737,23.0,penthouse,10.0
15,29674370,1850.0,rent,122.0,3,2,38.719827,-9.1399841,15.0,flat,1.0
16,31166684,3750.0,rent,401.35,5,2,38.729059,-9.149951800000002,9.0,flat,1.0
20,30811281,700.0,rent,52.0,2,1,38.7230011,-9.129293800000001,13.0,flat,0.0
21,31158611,1750.0,rent,80.0,2,1,38.7249987,-9.143054800000002,22.0,flat,2.0
25,31140442,1950.0,rent,140.0,3,2,38.7108471,-9.1578591,14.0,flat,3.0
26,31135754,5000.0,rent,300.0,3,3,38.746709499999994,-9.1516705,17.0,penthouse,9.0
28,29764524,750.0,rent,50.0,1,1,38.7209847,-9.1602653,15.0,flat,3.0
29,31124388,1500.0,rent,138.0,2,2,38.734029799999995,-9.1314236,11.0,flat,1.0
30,31123680,750.0,rent,69.0,2,1,38.7363864,-9.1138031,11.0,flat,1.0
31,31118636,1250.0,rent,81.0,1,1,38.7192007,-9.1372479,15.0,flat,4.0
32,30983348,3400.0,rent,208.0,5,4,38.738019,-9.145769300000001,16.0,flat,2.0
33,31172078,825.0,rent,90.0,3,1,38.7544559,-9.1110466,9.0,flat,6.0
34,31162883,1000.0,rent,95.0,2,2,38.7404033,-9.1679358,11.0,flat,2.0
35,31103896,580.0,rent,25.0,1,1,38.7183999,-9.1580035,23.0,flat,5.0
36,31079488,1150.0,rent,122.0,2,2,38.7399584,-9.157202900000001,9.0,flat,5.0
39,31174774,1200.0,rent,124.0,4,2,38.73704229999999,-9.144411,10.0,flat,4.0
0,31174772,1500.0,rent,120.0,3,2,38.718489500000004,-9.1601184,13.0,flat,2.0
2,31174094,1300.0,rent,100.0,2,2,38.714686900000004,-9.156804600000001,13.0,flat,3.0
5,31173006,2500.0,rent,153.0,3,2,38.736305200000004,-9.145085400000001,16.0,flat,1.0
6,31163817,750.0,rent,42.0,1,1,38.7248066,-9.1370737,18.0,flat,1.0
7,31159410,900.0,rent,57.0,1,1,38.7118969,-9.1443106,16.0,flat,4.0
10,31149072,790.0,rent,57.0,2,1,38.7182869,-9.155466800000001,14.0,flat,2.0
11,31124377,2350.0,rent,203.0,4,3,38.7512463,-9.170305800000001,12.0,flat,6.0
12,31118465,950.0,rent,70.0,1,1,38.7145261,-9.1476729,14.0,duplex,3.0
13,31118464,850.0,rent,70.0,1,1,38.7155261,-9.1466729,12.0,duplex,3.0
14,30782907,1900.0,rent,133.0,4,2,38.724460799999996,-9.1350265,14.0,flat,0.0
16,31177918,1499.0,rent,70.0,2,1,38.7090905,-9.1439959,21.0,flat,1.0
20,29258954,800.0,rent,58.0,1,1,38.7375268,-9.1237757,14.0,flat,1.0
21,31090838,820.0,rent,81.0,2,1,38.7678686,-9.1574576,10.0,flat,5.0
25,30940805,1300.0,rent,56.0,2,2,38.7133174,-9.142094300000002,23.0,flat,3.0
26,30940804,1050.0,rent,42.0,1,1,38.71335379999999,-9.1421221,25.0,flat,2.0
27,30940541,1500.0,rent,83.0,2,2,38.7209131,-9.1297441,18.0,flat,1.0
29,30898384,3000.0,rent,225.0,2,3,38.732356599999996,-9.1525835,13.0,flat,1.0
30,30798294,1300.0,rent,75.0,3,2,38.7137419,-9.133689599999999,17.0,flat,1.0
31,30767612,850.0,rent,69.0,3,1,38.7133814,-9.1421586,12.0,flat,2.0
32,30767591,850.0,rent,69.0,3,1,38.7136814,-9.140358599999999,12.0,flat,3.0
33,30765026,2000.0,rent,89.0,2,2,38.710862799999994,-9.1397583,22.0,flat,5.0
34,30759746,1200.0,rent,110.0,2,2,38.7268662,-9.1491518,11.0,duplex,0.0
38,30703316,1500.0,rent,104.0,2,2,38.7511607,-9.149925,14.0,flat,3.0
39,30699251,900.0,rent,90.0,2,1,38.726639,-9.166233,10.0,flat,1.0
0,29737329,1990.0,rent,143.0,4,3,38.7561216,-9.16748,14.0,flat,1.0
1,29719971,3000.0,rent,217.0,3,3,38.7203758,-9.1579392,14.0,flat,1.0
2,30821337,1300.0,rent,92.0,2,2,38.7077975,-9.130311599999999,14.0,flat,2.0
3,30936372,1700.0,rent,136.0,2,3,38.7186398,-9.1485914,13.0,duplex,3.0
4,31147472,750.0,rent,50.0,1,1,38.713046399999996,-9.1460985,15.0,flat,2.0
7,31138597,1000.0,rent,80.0,2,2,38.751037700000005,-9.143073699999999,13.0,flat,3.0
9,31131271,1900.0,rent,181.0,3,3,38.716210499999995,-9.1529579,10.0,duplex,0.0
10,30941843,900.0,rent,60.0,1,1,38.7492778,-9.1456227,15.0,penthouse,11.0
11,31180412,1500.0,rent,117.0,2,2,38.7146637,-9.1389448,13.0,flat,3.0
12,31178691,1500.0,rent,100.05,2,1,38.7287362,-9.156068699999999,15.0,flat,3.0
13,31177270,900.0,rent,57.0,0,1,38.7135969,-9.1455106,16.0,studio,4.0
14,28437189,2000.0,rent,161.0,2,4,38.7287251,-9.1429601,12.0,flat,5.0
15,31176140,1250.0,rent,63.25,1,1,38.7259403,-9.155107699999999,20.0,flat,2.0
23,31173323,950.0,rent,79.0,1,1,38.755553799999994,-9.096129099999999,12.0,flat,2.0
26,31172649,1650.0,rent,190.0,4,3,38.730996399999995,-9.1397538,9.0,flat,4.0
27,31172430,1200.0,rent,60.0,2,1,38.7127584,-9.1313851,20.0,flat,1.0
28,31170483,1100.0,rent,72.0,1,1,38.715056700000005,-9.1387241,15.0,flat,4.0
30,31169967,1000.0,rent,88.0,2,2,38.7456609,-9.155505699999999,11.0,flat,15.0
33,31160149,3000.0,rent,253.0,4,3,38.721922,-9.162446800000001,12.0,flat,1.0
34,31138457,850.0,rent,87.0,2,1,38.7272607,-9.132492999999998,10.0,flat,1.0
36,31132401,1050.0,rent,100.0,3,2,38.7169466,-9.161981599999999,11.0,flat,1.0
37,31110428,950.0,rent,75.0,1,1,38.7143427,-9.1521069,13.0,duplex,3.0
39,31106838,3250.0,rent,248.0,5,3,38.7288201,-9.1493339,13.0,flat,3.0
3,31092393,1225.0,rent,107.0,2,2,38.7297745,-9.1341443,11.0,flat,5.0
4,31092280,1250.0,rent,95.0,2,2,38.7197143,-9.1598805,13.0,flat,4.0
5,31086886,1550.0,rent,118.0,3,2,38.7215128,-9.144243800000002,13.0,flat,3.0
7,31087697,2400.0,rent,173.0,4,3,38.754598200000004,-9.098755699999998,14.0,flat,7.0
8,31086827,800.0,rent,63.0,1,1,38.7416817,-9.1255224,13.0,flat,5.0
9,31078772,1700.0,rent,165.0,4,3,38.747569299999995,-9.1415147,10.0,flat,5.0
11,31077155,700.0,rent,59.0,1,1,38.7456286,-9.116656800000001,12.0,flat,10.0
12,31072492,900.0,rent,70.0,1,1,38.719285,-9.169963800000001,13.0,flat,5.0
14,30928327,1500.0,rent,82.0,2,2,38.7088968,-9.136515199999998,18.0,flat,2.0
17,31069269,1000.0,rent,100.0,2,2,38.7660661,-9.156564999999999,10.0,flat,1.0
18,31064101,2500.0,rent,175.0,3,3,38.7102656,-9.141125099999998,14.0,penthouse,4.0
19,31060282,1000.0,rent,101.0,3,1,38.7295147,-9.123331199999999,10.0,flat,3.0
20,31053723,800.0,rent,75.0,2,1,38.7280474,-9.146823800000002,11.0,flat,2.0
22,31039353,690.0,rent,55.0,1,1,38.7364858,-9.130063900000001,13.0,flat,5.0
25,30824148,3500.0,rent,275.0,5,3,38.7311201,-9.1525339,13.0,flat,4.0
26,31026000,5500.0,rent,261.0,4,4,38.7173505,-9.1533304,21.0,flat,3.0
27,31019029,990.0,rent,55.0,1,1,38.7143854,-9.1657284,18.0,flat,4.0
28,31016755,3800.0,rent,187.0,2,3,38.70972020000001,-9.153512800000001,20.0,flat,1.0
31,31007135,1950.0,rent,196.0,4,3,38.7287604,-9.1612347,10.0,flat,4.0
32,31007154,1950.0,rent,196.0,4,3,38.7266604,-9.160934699999999,10.0,flat,4.0
36,30995127,800.0,rent,73.0,3,1,38.733636,-9.1299751,11.0,flat,1.0
37,30993887,1150.0,rent,60.0,1,1,38.7477988,-9.1535404,19.0,flat,1.0
38,30970857,1700.0,rent,104.0,3,2,38.7402396,-9.149239699999999,16.0,flat,2.0
39,30970769,4900.0,rent,225.0,4,2,38.7195065,-9.147405599999999,22.0,flat,1.0
0,30949379,2500.0,rent,175.0,3,3,38.7126656,-9.1429251,14.0,flat,4.0
1,30951583,1450.0,rent,98.0,2,2,38.721218799999995,-9.156873800000001,15.0,flat,1.0
2,30964550,2100.0,rent,104.0,2,2,38.72663920000001,-9.1562351,20.0,flat,1.0
4,30943545,950.0,rent,30.0,0,1,38.7118814,-9.1361395,32.0,studio,4.0
5,30943396,1900.0,rent,186.0,3,3,38.750657399999994,-9.172261,10.0,flat,2.0
6,30941661,1500.0,rent,120.0,2,2,38.7080314,-9.143317300000001,13.0,flat,4.0
8,30936914,2000.0,rent,90.0,1,2,38.7185326,-9.1440091,22.0,flat,4.0
9,30936559,1600.0,rent,90.0,2,2,38.7093481,-9.134765699999999,18.0,flat,2.0
10,30934523,1400.0,rent,66.0,2,1,38.7106534,-9.1428,21.0,flat,1.0
12,30919119,2950.0,rent,180.0,3,3,38.7262392,-9.1591351,16.0,flat,5.0
14,30916228,4500.0,rent,167.0,2,3,38.7242601,-9.147114,27.0,flat,2.0
15,30913232,2000.0,rent,145.0,4,4,38.735423499999996,-9.1323798,14.0,flat,0.0
17,30908942,4900.0,rent,220.0,8,2,38.720547100000005,-9.146942800000001,22.0,flat,1.0
18,30907686,1350.0,rent,100.0,2,1,38.72413770000001,-9.1437685,14.0,flat,2.0
19,28966620,2500.0,rent,185.0,5,2,38.7394344,-9.1333702,14.0,flat,4.0
20,30879992,1100.0,rent,120.0,3,2,38.7547979,-9.1131984,9.0,flat,11.0
23,30870530,3500.0,rent,132.0,3,4,38.7109655,-9.1367222,27.0,flat,5.0
24,30863882,1000.0,rent,68.0,1,1,38.74208839999999,-9.155719900000001,15.0,flat,4.0
26,30405618,1500.0,rent,73.0,1,2,38.714772100000005,-9.1406594,21.0,flat,4.0
27,30405619,1500.0,rent,73.0,1,2,38.714572100000005,-9.1392594,21.0,flat,4.0
30,30702219,950.0,rent,66.0,1,1,38.719854299999994,-9.1309765,14.0,flat,4.0
31,30700222,2200.0,rent,219.65,4,3,38.7418633,-9.146593,10.0,flat,6.0
33,29395829,4000.0,rent,124.0,2,2,38.72193729999999,-9.1467023,32.0,flat,3.0
0,30421874,1250.0,rent,94.0,2,1,38.7445989,-9.1338905,13.0,flat,5.0
4,30382413,1500.0,rent,96.0,2,1,38.7414919,-9.1375171,16.0,flat,1.0
5,30363087,1975.0,rent,179.0,3,2,38.732044,-9.144503,11.0,flat,2.0
6,30348721,1800.0,rent,149.5,3,2,38.757163500000004,-9.161902900000001,12.0,flat,1.0
7,30280599,3500.0,rent,239.0,4,3,38.7313272,-9.1454175,15.0,flat,5.0
8,30280572,2400.0,rent,150.0,3,2,38.7296272,-9.1479175,16.0,flat,5.0
10,30244088,1000.0,rent,40.0,1,1,38.7147335,-9.1646052,25.0,flat,1.0
14,30167053,1400.0,rent,117.0,5,2,38.736263,-9.1454658,12.0,flat,5.0
16,29621618,1750.0,rent,94.0,2,2,38.7469045,-9.1090881,19.0,flat,9.0
18,28869038,1700.0,rent,47.0,0,1,38.7110415,-9.142802099999999,36.0,studio,1.0
19,31176154,1900.0,rent,134.0,3,2,38.7565711,-9.1680962,14.0,flat,3.0
20,31173054,1500.0,rent,175.0,3,2,38.7260649,-9.1328962,9.0,flat,4.0
22,30449473,1000.0,rent,72.0,2,1,38.715998299999995,-9.146017599999999,14.0,flat,3.0
23,31167510,1850.0,rent,160.0,3,2,38.7372111,-9.1362115,12.0,flat,3.0
25,31164656,2500.0,rent,170.0,5,3,38.72985429999999,-9.1507097,15.0,flat,4.0
30,31153170,1650.0,rent,140.0,3,2,38.7246853,-9.154885400000001,12.0,flat,5.0
34,30624881,2700.0,rent,168.0,2,3,38.724483299999996,-9.158146499999999,16.0,flat,3.0
38,31141404,900.0,rent,72.0,2,1,38.724387899999996,-9.1304791,13.0,flat,1.0
39,31140352,1150.0,rent,100.0,2,1,38.7540977,-9.1501654,12.0,flat,3.0
2,31132557,3500.0,rent,315.0,5,5,38.733720299999995,-9.1561255,11.0,flat,1.0
3,31129329,1650.0,rent,180.0,3,2,38.7290753,-9.1588602,9.0,flat,3.0
4,31129179,1700.0,rent,130.0,3,2,38.7373635,-9.1492417,13.0,flat,4.0
5,31123492,1200.0,rent,68.0,2,2,38.71747020000001,-9.1686912,18.0,flat,1.0
6,31121614,1400.0,rent,99.0,2,2,38.7468011,-9.1625545,14.0,flat,4.0
8,31103961,1020.0,rent,80.0,1,1,38.7206495,-9.1522121,13.0,penthouse,5.0
9,31094840,1600.0,rent,150.0,3,2,38.7446614,-9.155957199999998,11.0,flat,2.0
10,30701342,1050.0,rent,80.0,1,1,38.755219700000005,-9.0986566,13.0,flat,3.0
11,31179566,700.0,rent,46.0,1,1,38.719300200000006,-9.1706969,15.0,flat,3.0
17,31076410,1350.0,rent,124.0,3,2,38.7262973,-9.1353977,11.0,flat,4.0
18,31072124,1500.0,rent,95.0,3,2,38.7171895,-9.159618400000001,16.0,flat,2.0
31,30851638,1650.0,rent,111.0,2,1,38.7113767,-9.1412365,15.0,flat,1.0
32,30829343,800.0,rent,50.0,1,1,38.733033899999995,-9.1518087,16.0,flat,0.0
37,31178112,950.0,rent,40.0,0,1,38.725491399999996,-9.1538256,24.0,studio,2.0
38,31171273,1000.0,rent,97.0,1,2,38.754159200000004,-9.0979259,10.0,flat,7.0
39,31169813,3800.0,rent,182.0,3,3,38.728550399999996,-9.1555918,21.0,flat,4.0
0,31169546,1450.0,rent,100.0,2,2,38.711198100000004,-9.1582876,15.0,duplex,1.0
1,31168619,2800.0,rent,202.0,4,3,38.745345,-9.1654377,14.0,flat,1.0
4,31164542,800.0,rent,48.0,1,1,38.744227,-9.142795199999998,17.0,flat,1.0
5,31163596,1300.0,rent,110.0,3,3,38.7407938,-9.142088000000001,12.0,duplex,2.0
6,31160227,1400.0,rent,101.2,3,1,38.715096700000004,-9.1450382,14.0,flat,3.0
7,30318680,2800.0,rent,206.0,5,3,38.7120555,-9.1593134,14.0,flat,3.0
8,31154337,1000.0,rent,46.0,1,1,38.717010200000004,-9.169018199999998,22.0,flat,1.0
9,31154001,1075.0,rent,70.0,2,1,38.7176102,-9.1670182,15.0,flat,3.0
10,31153979,975.0,rent,46.0,1,1,38.7180102,-9.169518199999999,21.0,flat,2.0
11,31152402,1075.0,rent,70.0,2,1,38.7165102,-9.168918199999998,15.0,flat,2.0
12,31152207,1025.0,rent,70.0,2,1,38.7166102,-9.166818199999998,15.0,flat,2.0
13,31151739,1950.0,rent,200.0,3,3,38.7266604,-9.1611347,10.0,flat,6.0
14,31151287,1175.0,rent,93.0,2,2,38.7298745,-9.135944300000002,13.0,flat,6.0
15,31149808,1250.0,rent,107.0,3,1,38.7297745,-9.136744300000002,12.0,flat,4.0
16,31149703,1130.0,rent,93.0,3,2,38.7287745,-9.133244300000001,12.0,flat,4.0
17,31149504,1100.0,rent,93.0,3,1,38.7284745,-9.133344300000001,12.0,flat,2.0
18,31146634,925.0,rent,73.0,1,1,38.7298158,-9.1367041,13.0,flat,3.0
22,31146545,800.0,rent,57.0,1,1,38.7277158,-9.1359041,14.0,flat,2.0
23,31145638,1825.0,rent,131.0,3,2,38.7302467,-9.148205599999999,14.0,flat,1.0
24,31143624,2950.0,rent,263.0,4,3,38.7300521,-9.1481807,11.0,flat,5.0
25,31142722,1650.0,rent,129.0,3,2,38.72648529999999,-9.1577854,13.0,penthouse,5.0
26,31137744,3250.0,rent,261.0,4,3,38.7306201,-9.1491339,12.0,flat,4.0
27,31137140,800.0,rent,57.0,1,1,38.7294524,-9.151243899999999,14.0,flat,1.0
29,31134040,1950.0,rent,140.0,3,2,38.7116527,-9.1571521,14.0,flat,3.0
31,31128729,925.0,rent,56.0,2,1,38.7207091,-9.161166900000001,17.0,flat,3.0
32,31128043,875.0,rent,50.0,1,1,38.7185091,-9.1584669,18.0,flat,0.0
33,31127963,1100.0,rent,75.0,1,1,38.7455342,-9.149398199999998,15.0,flat,4.0
34,31124502,1675.0,rent,100.0,3,2,38.7187844,-9.143721099999999,17.0,flat,3.0
35,31124468,1550.0,rent,100.0,3,2,38.7207844,-9.1409211,16.0,flat,3.0
36,31123517,1275.0,rent,103.0,3,1,38.7190067,-9.1666711,12.0,flat,1.0
37,31123426,950.0,rent,60.0,1,1,38.739868900000005,-9.1507287,16.0,flat,5.0
38,31122221,1450.0,rent,120.0,3,2,38.733415,-9.1470794,12.0,flat,4.0
39,31121987,1125.0,rent,85.0,2,1,38.7167067,-9.1651711,13.0,flat,3.0
0,31121764,1775.0,rent,100.0,3,2,38.7217844,-9.1402211,18.0,flat,1.0
1,31119554,550.0,rent,35.0,0,1,38.7114975,-9.126296400000001,16.0,studio,1.0
2,31113746,1400.0,rent,122.0,3,2,38.7224909,-9.1329343,11.0,flat,3.0
3,31112908,1750.0,rent,145.0,3,2,38.7392357,-9.1475744,12.0,flat,4.0
5,31061474,870.0,rent,67.0,1,1,38.717519700000004,-9.1695961,13.0,flat,0.0
7,29802989,3200.0,rent,176.0,3,3,38.7212967,-9.163575300000002,18.0,flat,4.0
8,30984531,1200.0,rent,50.0,1,1,38.7344631,-9.1362802,24.0,flat,4.0
9,30965105,1600.0,rent,95.0,3,3,38.7336347,-9.136446699999999,17.0,flat,2.0
10,30903745,1150.0,rent,53.0,1,1,38.7289853,-9.1467817,22.0,flat,1.0
11,30806883,1300.0,rent,60.0,2,1,38.7119445,-9.137829199999999,22.0,flat,5.0
12,30806796,2500.0,rent,150.0,3,3,38.712193,-9.142597,17.0,flat,4.0
13,30806738,2500.0,rent,175.0,3,3,38.713308000000005,-9.1432888,14.0,flat,4.0
15,30544083,1250.0,rent,60.0,1,1,38.7109621,-9.140647900000001,21.0,flat,3.0
17,31178627,1600.0,rent,189.0,4,2,38.752655600000004,-9.171418,8.0,flat,8.0
18,31177605,900.0,rent,74.0,2,1,38.7234595,-9.1462353,12.0,flat,4.0
20,31173934,1200.0,rent,91.0,2,1,38.7470561,-9.138788900000002,13.0,flat,2.0
21,31173985,880.0,rent,70.0,2,1,38.7251582,-9.1291295,13.0,flat,4.0
26,31149861,1150.0,rent,75.0,3,1,38.737225,-9.1064711,15.0,flat,1.0
27,31141489,4650.0,rent,308.0,3,3,38.718351399999996,-9.1529369,15.0,flat,1.0
28,31030875,1950.0,rent,160.0,5,4,38.7353216,-9.146650300000001,12.0,flat,5.0
29,31131381,750.0,rent,65.0,1,1,38.7188262,-9.1322841,12.0,flat,0.0
30,30863846,1300.0,rent,100.0,4,2,38.716586799999995,-9.1669438,13.0,flat,2.0
33,31100409,1200.0,rent,100.0,3,1,38.7264108,-9.129055900000001,12.0,flat,3.0
34,31095413,750.0,rent,48.0,1,1,38.7101582,-9.156258,16.0,flat,1.0
36,31093932,850.0,rent,60.0,1,1,38.755792299999996,-9.1684449,14.0,flat,7.0
37,31071058,1250.0,rent,126.0,3,2,38.7469614,-9.1697348,10.0,flat,7.0
38,31061652,700.0,rent,35.0,1,1,38.734837799999994,-9.136174699999998,20.0,flat,2.0
39,31041387,3750.0,rent,226.0,4,4,38.7339566,-9.1511835,17.0,flat,5.0
1,31033698,2400.0,rent,160.0,3,2,38.722227200000006,-9.158343499999999,15.0,flat,1.0
2,30996013,1650.0,rent,169.0,4,3,38.7511588,-9.1421972,10.0,flat,10.0
3,31009768,1500.0,rent,140.0,4,2,38.7368935,-9.1321476,11.0,flat,1.0
4,30990825,2100.0,rent,126.0,3,2,38.710611799999995,-9.1441007,17.0,flat,2.0
5,30974312,700.0,rent,85.0,0,1,38.708004700000004,-9.1524439,8.0,studio,1.0
6,30970890,2500.0,rent,170.0,3,3,38.711065600000005,-9.1421251,15.0,flat,4.0
8,30939888,1050.0,rent,30.0,1,1,38.7153693,-9.13258,35.0,flat,1.0
10,30938121,700.0,rent,27.0,1,1,38.7314314,-9.136115,26.0,flat,1.0
11,30898865,1200.0,rent,60.0,2,1,38.7257633,-9.1636454,20.0,flat,5.0
12,30434331,640.0,rent,45.0,1,1,38.7381844,-9.1231897,14.0,flat,2.0
13,30433523,1500.0,rent,73.0,1,2,38.7148721,-9.1431594,21.0,flat,3.0
14,30433521,1500.0,rent,73.0,1,2,38.7141721,-9.1396594,21.0,flat,1.0
15,30491660,1400.0,rent,150.0,3,2,38.731854299999995,-9.1371113,9.0,flat,2.0
16,30491629,1900.0,rent,120.0,4,2,38.724260799999996,-9.1369265,16.0,flat,0.0
18,31175878,900.0,rent,65.0,2,1,38.7195525,-9.1565315,14.0,flat,3.0
19,31172850,900.0,rent,80.0,1,1,38.7653311,-9.1513832,11.0,flat,3.0
20,31172863,900.0,rent,100.0,2,1,38.7140247,-9.1224531,9.0,flat,2.0
21,31172790,690.0,rent,65.0,2,1,38.73288839999999,-9.1305549,11.0,flat,4.0
24,31164942,950.0,rent,90.0,2,1,38.740442,-9.1729861,11.0,flat,1.0
26,31157807,850.0,rent,75.0,2,1,38.7286473,-9.1211783,11.0,flat,3.0
27,30782973,1550.0,rent,187.0,2,2,38.748026200000005,-9.1506633,8.0,flat,6.0
28,31155381,1450.0,rent,118.0,2,2,38.7214925,-9.153068300000001,12.0,flat,1.0
33,31145504,850.0,rent,83.0,2,1,38.731664,-9.128834800000002,10.0,flat,3.0
34,31142141,4500.0,rent,480.0,4,3,38.7104512,-9.1483852,9.0,flat,1.0
35,31139353,1500.0,rent,130.0,4,1,38.722445799999996,-9.1317772,12.0,flat,3.0
36,30795677,950.0,rent,100.0,3,1,38.7352906,-9.125885499999999,10.0,flat,0.0
37,31132356,1250.0,rent,124.0,2,2,38.7385347,-9.134200199999999,10.0,flat,4.0
0,31182023,3000.0,rent,110.0,1,1,38.7134195,-9.145646300000001,27.0,flat,4.0
1,31181997,800.0,rent,98.0,2,1,38.7556084,-9.1499579,8.0,flat,8.0
3,31181924,1250.0,rent,100.0,4,2,38.7263514,-9.1310659,13.0,flat,2.0
4,31181952,900.0,rent,90.0,1,1,38.745564200000004,-9.1655212,10.0,flat,17.0
5,31181847,900.0,rent,56.0,1,1,38.7377571,-9.156452499999999,16.0,flat,3.0
6,28270767,700.0,rent,75.0,2,1,38.727408700000005,-9.1311451,9.0,flat,1.0
7,31181723,1850.0,rent,100.0,2,2,38.708201700000004,-9.1401086,19.0,flat,2.0
8,30518235,689.0,rent,56.0,2,1,38.7357534,-9.122562199999999,12.0,flat,1.0
9,31181620,1900.0,rent,90.0,2,2,38.7112773,-9.143260699999999,21.0,flat,3.0
10,28164829,589.0,rent,36.0,1,1,38.7190941,-9.1235029,16.0,flat,0.0
11,31181502,750.0,rent,65.0,1,1,38.7219854,-9.1553556,12.0,flat,0.0
12,30632626,2600.0,rent,175.0,3,2,38.7208967,-9.1616753,15.0,flat,8.0
13,31181378,800.0,rent,74.0,2,1,38.7459642,-9.1417416,11.0,flat,2.0
14,31181270,1150.0,rent,117.0,2,2,38.7176505,-9.1276665,10.0,flat,3.0
17,31181149,1100.0,rent,100.0,3,2,38.7461243,-9.1674333,11.0,flat,3.0
18,31181156,900.0,rent,60.0,1,1,38.745816600000005,-9.13527,15.0,flat,2.0
19,31181086,1225.0,rent,107.0,2,2,38.7296745,-9.1341443,11.0,flat,5.0
20,31181007,1200.0,rent,54.0,3,1,38.71828789999999,-9.1388998,22.0,flat,1.0
21,31181006,900.0,rent,54.0,2,1,38.7158879,-9.140299800000001,17.0,flat,1.0
22,30660077,1500.0,rent,95.0,2,2,38.7216052,-9.1458966,16.0,flat,4.0
23,31180944,3500.0,rent,280.0,4,4,38.7275219,-9.155909199999998,13.0,flat,1.0
24,31180890,650.0,rent,50.0,2,1,38.7094735,-9.1462784,13.0,flat,3.0
30,31180868,800.0,rent,50.0,1,1,38.7301158,-9.1394041,16.0,flat,5.0
31,31180749,900.0,rent,66.0,2,1,38.7143871,-9.1642401,14.0,flat,3.0
32,31180684,1550.0,rent,120.0,3,2,38.735915000000006,-9.148579400000001,13.0,flat,3.0
33,31180481,800.0,rent,55.0,1,1,38.7269312,-9.1206461,15.0,flat,3.0
34,31180477,850.0,rent,55.0,1,1,38.7247312,-9.119646099999999,15.0,flat,2.0
35,31180489,850.0,rent,58.0,1,1,38.727231200000006,-9.1191461,15.0,flat,1.0
36,31180475,900.0,rent,70.0,2,1,38.7275312,-9.1174461,13.0,flat,0.0
37,31180425,1200.0,rent,85.0,2,1,38.7118864,-9.1359868,14.0,flat,2.0
38,31180374,1400.0,rent,120.0,3,2,38.732415,-9.146179400000001,12.0,flat,5.0
39,31180373,900.0,rent,100.0,2,1,38.7139247,-9.1223531,9.0,flat,2.0
0,31124506,3750.0,rent,374.0,4,5,38.731293,-9.149686500000001,10.0,flat,1.0
2,31114528,1800.0,rent,105.0,3,2,38.7548811,-9.099506800000002,17.0,flat,2.0
3,31097767,1590.0,rent,155.0,4,2,38.736263,-9.148065800000001,10.0,flat,2.0
4,31076790,1900.0,rent,110.0,3,2,38.7200929,-9.132992300000002,17.0,flat,4.0
5,30947518,2250.0,rent,160.0,3,2,38.7110134,-9.143063099999999,14.0,flat,2.0
8,30514895,5900.0,rent,240.0,9,11,38.7219863,-9.141391699999998,25.0,penthouse,3.0
9,31173872,980.0,rent,116.0,2,2,38.75649,-9.172132300000001,8.0,flat,0.0
12,31159597,1850.0,rent,174.0,5,3,38.724790500000005,-9.133497199999999,11.0,flat,1.0
13,31127719,990.0,rent,85.0,1,1,38.7142699,-9.1506361,12.0,flat,2.0
15,31113144,980.0,rent,120.0,2,2,38.763591399999996,-9.158012800000002,8.0,flat,1.0
17,31109848,2600.0,rent,255.0,4,2,38.7401134,-9.1423911,10.0,flat,3.0
18,31101571,2950.0,rent,263.0,5,3,38.7134102,-9.1554971,11.0,flat,5.0
19,31101570,3250.0,rent,248.0,4,3,38.71710770000001,-9.1556254,13.0,flat,3.0
22,31096204,800.0,rent,55.0,2,1,38.7187872,-9.1273344,15.0,flat,4.0
24,31094652,800.0,rent,63.0,1,1,38.7504333,-9.121064500000001,13.0,flat,4.0
26,31092269,750.0,rent,47.0,2,1,38.731902000000005,-9.1089433,16.0,flat,3.0
29,31087696,3150.0,rent,280.0,5,3,38.7291094,-9.1515608,11.0,flat,5.0
30,31083954,4950.0,rent,236.0,4,5,38.724513200000004,-9.1585042,21.0,duplex,4.0
32,31080953,2500.0,rent,163.0,5,3,38.731854299999995,-9.1516097,15.0,flat,6.0
33,31080951,2500.0,rent,163.0,6,3,38.731854299999995,-9.1516097,15.0,flat,4.0
34,31080950,2500.0,rent,163.0,3,3,38.731854299999995,-9.1516097,15.0,flat,3.0
35,31080954,2500.0,rent,168.0,5,3,38.731854299999995,-9.1516097,15.0,flat,8.0
36,29874225,950.0,rent,50.0,1,1,38.708411100000006,-9.1456879,19.0,duplex,3.0
37,31079221,750.0,rent,42.0,1,1,38.7196093,-9.1664469,18.0,flat,3.0
38,31078403,1950.0,rent,108.0,3,3,38.7454667,-9.145453300000002,18.0,flat,5.0
0,31074766,3800.0,rent,146.0,2,3,38.7104278,-9.143226199999999,26.0,flat,2.0
2,31072834,950.0,rent,70.0,1,1,38.7271865,-9.148221000000001,14.0,flat,7.0
10,28397993,900.0,rent,87.0,2,1,38.7133598,-9.1627744,10.0,flat,0.0
11,31047711,1600.0,rent,135.0,2,1,38.7334381,-9.153913000000001,12.0,flat,2.0
12,31044839,900.0,rent,82.0,2,1,38.725823,-9.160816,11.0,flat,3.0
17,31038426,1100.0,rent,72.0,1,1,38.766093100000006,-9.154255699999998,15.0,flat,8.0
23,31022477,1350.0,rent,110.0,2,2,38.7501686,-9.147432499999999,12.0,flat,8.0
24,31021997,2200.0,rent,103.0,2,3,38.7249625,-9.147359300000002,21.0,flat,4.0
25,31016754,2000.0,rent,105.0,2,1,38.7130769,-9.143903199999999,19.0,flat,4.0
26,31015238,2200.0,rent,126.0,1,2,38.706546,-9.142441499999999,17.0,flat,3.0
27,31014798,2500.0,rent,180.0,3,3,38.7161531,-9.1311253,14.0,flat,3.0
28,31012069,1500.0,rent,150.0,2,2,38.7076299,-9.143499499999999,10.0,flat,4.0
29,30170588,2100.0,rent,155.0,3,3,38.7458809,-9.1434939,14.0,flat,2.0
34,30991869,1125.0,rent,80.0,2,1,38.7168838,-9.162489500000001,14.0,flat,3.0
35,30981289,1525.0,rent,140.0,3,2,38.744718799999994,-9.1454757,11.0,flat,1.0
38,30974222,1600.0,rent,130.0,5,2,38.725202200000005,-9.1448009,12.0,flat,3.0
39,27091479,775.0,rent,65.0,2,1,38.7211802,-9.1566595,12.0,flat,3.0
0,30967468,725.0,rent,60.0,2,1,38.734559600000004,-9.116107000000001,12.0,flat,1.0
2,29893975,900.0,rent,110.4,2,2,38.7320756,-9.1617672,8.0,flat,2.0
4,30940191,2200.0,rent,170.0,3,4,38.7365052,-9.1453854,13.0,flat,4.0
6,30741733,1300.0,rent,125.0,3,2,38.7492851,-9.1381687,10.0,flat,6.0
9,30892322,2700.0,rent,195.0,7,2,38.7330701,-9.1355992,14.0,flat,3.0
10,30886173,3250.0,rent,230.0,5,2,38.730181,-9.15018,14.0,flat,3.0
11,30881409,3000.0,rent,104.0,2,2,38.721796399999995,-9.1486951,29.0,flat,6.0
13,30872030,1200.0,rent,81.0,2,1,38.7063419,-9.1565424,15.0,flat,1.0
15,30857317,7500.0,rent,295.0,4,4,38.71111320000001,-9.1402226,25.0,flat,5.0
16,30857243,900.0,rent,70.0,3,1,38.710161299999996,-9.1437215,13.0,flat,3.0
18,30855103,5200.0,rent,140.0,3,3,38.7114403,-9.1398011,37.0,flat,4.0
23,30763935,1350.0,rent,76.0,2,1,38.71924979999999,-9.1557451,18.0,flat,2.0
24,30817258,1250.0,rent,64.0,1,1,38.7197884,-9.1386078,20.0,flat,0.0
25,29150479,2200.0,rent,180.0,3,4,38.7191425,-9.1537797,12.0,flat,4.0
26,30818430,1650.0,rent,129.0,3,2,38.726051399999996,-9.155131800000001,13.0,flat,5.0
27,30817370,3950.0,rent,199.0,5,3,38.7252244,-9.1444198,20.0,flat,2.0
29,30755344,1750.0,rent,175.0,4,2,38.737220799999996,-9.1362564,10.0,flat,0.0
30,30801821,1500.0,rent,61.0,2,2,38.71140379999999,-9.138631199999999,25.0,flat,5.0
31,30798969,3950.0,rent,211.0,5,3,38.7223028,-9.1442742,19.0,flat,4.0
32,30797647,2150.0,rent,120.0,3,2,38.7364801,-9.143663,18.0,flat,2.0
34,29159684,1350.0,rent,60.0,1,1,38.7101714,-9.1521367,23.0,flat,4.0
36,30777489,4800.0,rent,114.0,2,1,38.724256200000006,-9.1603276,42.0,flat,2.0
37,30759583,2600.0,rent,175.0,3,3,38.7257429,-9.1619896,15.0,flat,8.0
38,30759573,1900.0,rent,176.0,3,3,38.7265929,-9.1646993,11.0,flat,3.0
39,28974477,5000.0,rent,300.0,3,3,38.7448613,-9.1493737,17.0,penthouse,10.0
1,30742865,2950.0,rent,180.0,3,3,38.72873920000001,-9.156035099999999,16.0,flat,5.0
2,30755341,1450.0,rent,125.0,3,2,38.7352893,-9.150538099999999,12.0,flat,5.0
3,30751005,1250.0,rent,53.0,1,1,38.7103186,-9.1390474,24.0,flat,3.0
4,30741735,850.0,rent,55.0,1,1,38.7331995,-9.136975300000001,15.0,flat,2.0
6,30714356,2500.0,rent,68.0,2,1,38.7141488,-9.1453784,37.0,flat,2.0
7,30714326,1950.0,rent,42.0,1,1,38.711246100000004,-9.147946699999999,46.0,flat,0.0
8,30700102,4500.0,rent,234.0,4,3,38.715171600000005,-9.1435288,19.0,flat,2.0
9,30697724,2500.0,rent,236.0,4,4,38.729856899999994,-9.1395661,11.0,flat,5.0
11,30695390,2800.0,rent,278.3,3,2,38.714636600000006,-9.154541199999999,10.0,flat,0.0
12,30691858,1350.0,rent,95.0,3,2,38.732183,-9.129691099999999,14.0,flat,1.0
13,30683930,1400.0,rent,130.0,3,2,38.750219,-9.148361300000001,11.0,flat,0.0
15,30675388,3000.0,rent,104.0,2,3,38.7070967,-9.151879,29.0,flat,2.0
16,30675387,2500.0,rent,104.0,2,3,38.708896700000004,-9.153979,24.0,flat,3.0
17,30646867,3980.0,rent,240.0,4,5,38.722524299999996,-9.154398599999999,17.0,duplex,3.0
18,30643562,2100.0,rent,64.0,1,1,38.724754100000006,-9.155294300000001,33.0,flat,4.0
19,30641145,2800.0,rent,184.0,3,3,38.722724400000004,-9.1471198,15.0,flat,3.0
21,30598242,3950.0,rent,349.0,5,3,38.730559,-9.148551800000002,11.0,flat,7.0
22,30582297,1500.0,rent,86.0,2,3,38.721381,-9.127634500000001,17.0,flat,1.0
23,30093930,2100.0,rent,76.0,2,2,38.730135700000005,-9.1445618,28.0,flat,2.0
24,30544096,2250.0,rent,140.0,3,2,38.709090100000004,-9.1451481,16.0,flat,3.0
26,30495568,1500.0,rent,94.0,3,1,38.7249869,-9.1295099,16.0,flat,3.0
27,30456628,2600.0,rent,80.0,1,1,38.719988,-9.145126300000001,33.0,flat,5.0
28,28619169,4500.0,rent,154.0,2,2,38.720273799999994,-9.143188499999999,29.0,flat,2.0
31,30401873,2750.0,rent,165.0,3,2,38.7297935,-9.140730300000001,17.0,flat,4.0
32,28612386,1050.0,rent,138.0,2,2,38.727614200000005,-9.111785800000002,8.0,duplex,9.0
33,30379668,925.0,rent,49.0,1,1,38.7192032,-9.167914300000001,19.0,flat,4.0
34,30374583,800.0,rent,50.0,1,1,38.7153839,-9.147998300000001,16.0,flat,0.0
35,30357175,1975.0,rent,175.0,4,2,38.7123421,-9.161953800000001,11.0,flat,0.0
36,30357170,1525.0,rent,165.0,4,2,38.7410414,-9.1322632,9.0,flat,1.0
37,30357167,1525.0,rent,145.0,3,2,38.7414414,-9.1340632,11.0,flat,1.0
38,30348908,3500.0,rent,110.0,1,2,38.7091726,-9.1401353,32.0,flat,4.0
39,30335588,1010.0,rent,125.0,3,1,38.7267253,-9.1310902,8.0,flat,1.0
0,30334992,1950.0,rent,200.0,3,3,38.7314953,-9.156150300000002,10.0,flat,6.0
1,30333510,1675.0,rent,150.0,3,2,38.7413382,-9.1446635,11.0,flat,5.0
3,30212996,1950.0,rent,95.0,2,1,38.732001200000006,-9.133777199999999,21.0,flat,4.0
6,27560022,1850.0,rent,114.0,2,2,38.7306662,-9.146879400000001,16.0,flat,4.0
7,30061462,1450.0,rent,115.0,2,2,38.7424811,-9.161613800000001,13.0,flat,0.0
8,29933703,3800.0,rent,113.0,2,1,38.7185456,-9.1496567,34.0,flat,1.0
9,29827202,2200.0,rent,153.0,3,2,38.7228781,-9.14047,14.0,flat,1.0
10,28141879,1850.0,rent,138.0,3,1,38.713749299999996,-9.142030300000002,13.0,flat,3.0
11,29623573,1600.0,rent,130.0,2,2,38.709748100000006,-9.137365699999998,12.0,flat,2.0
12,27093625,1150.0,rent,57.0,1,1,38.749564,-9.1472858,20.0,flat,1.0
14,29156133,6000.0,rent,365.0,7,7,38.709543,-9.145198800000001,16.0,flat,2.0
15,28972035,2350.0,rent,132.0,3,2,38.756337,-9.1414847,18.0,flat,2.0
22,30410919,1100.0,rent,94.0,2,1,38.721476,-9.126684599999999,12.0,flat,2.0
23,30625673,2350.0,rent,150.0,3,3,38.7311893,-9.1463648,16.0,flat,3.0
24,31154454,900.0,rent,100.0,1,1,38.7172033,-9.1450857,9.0,flat,3.0
25,31151728,1300.0,rent,120.0,1,1,38.7142494,-9.126714199999999,11.0,flat,0.0
26,30054653,1300.0,rent,135.0,3,3,38.7330721,-9.1453925,10.0,flat,1.0
27,31137652,600.0,rent,50.0,1,1,38.7397639,-9.1235625,12.0,flat,5.0
28,28880386,1450.0,rent,100.0,4,1,38.7150906,-9.1468476,15.0,flat,0.0
29,31119407,800.0,rent,46.0,2,1,38.7179545,-9.1689632,17.0,flat,1.0
32,31113080,780.0,rent,55.0,1,1,38.7280864,-9.127205199999999,14.0,flat,5.0
33,31111815,1625.0,rent,155.0,3,2,38.7418892,-9.131661900000001,10.0,flat,1.0
34,31109073,1000.0,rent,94.0,3,1,38.7606318,-9.165935000000001,11.0,flat,7.0
35,31103567,880.0,rent,58.65,2,1,38.7302274,-9.1258239,15.0,flat,4.0
36,31103379,3250.0,rent,261.0,3,3,38.734039,-9.153201,12.0,flat,4.0
37,31102862,1850.0,rent,160.0,4,2,38.735269200000005,-9.1468177,12.0,flat,0.0
38,31102797,1850.0,rent,160.0,4,3,38.7328692,-9.1481177,12.0,flat,0.0
39,31101309,2200.0,rent,170.0,7,2,38.7254026,-9.1649807,13.0,flat,0.0
0,31100018,1425.0,rent,105.0,3,2,38.7464342,-9.1490982,14.0,flat,5.0
2,31099363,695.0,rent,41.0,1,1,38.7117535,-9.145775599999999,17.0,flat,2.0
6,31094356,1900.0,rent,200.0,4,3,38.7273604,-9.1634347,10.0,flat,3.0
9,31087081,650.0,rent,53.0,1,1,38.7323408,-9.1367587,12.0,flat,1.0
10,31084858,950.0,rent,82.0,1,1,38.7430193,-9.1319062,12.0,flat,0.0
11,31083083,800.0,rent,71.0,2,1,38.721295399999995,-9.143351199999998,11.0,flat,2.0
12,31081340,1200.0,rent,201.0,3,2,38.7464903,-9.1367039,6.0,flat,1.0
13,30925308,2200.0,rent,150.0,4,3,38.731281,-9.140794,15.0,flat,1.0
14,31077976,600.0,rent,48.0,2,1,38.7204565,-9.140437,13.0,flat,1.0
18,31059896,1150.0,rent,65.0,2,1,38.7314375,-9.133852800000001,18.0,flat,2.0
19,31054447,950.0,rent,97.75,3,1,38.7383097,-9.1303021,10.0,flat,2.0
20,30692063,2800.0,rent,138.0,2,2,38.7171457,-9.144049800000001,20.0,flat,1.0
22,30998568,2000.0,rent,150.0,3,2,38.708824,-9.161514,13.0,duplex,1.0
23,31042488,850.0,rent,63.0,1,1,38.7428094,-9.1259698,13.0,flat,5.0
24,31023658,850.0,rent,34.0,0,1,38.7547432,-9.150662400000002,25.0,penthouse,10.0
25,31023667,1150.0,rent,50.0,1,1,38.754043200000005,-9.151562400000001,23.0,flat,10.0
30,30999864,1150.0,rent,67.0,1,1,38.748288,-9.157551,17.0,flat,1.0
32,30991149,850.0,rent,46.0,1,1,38.716564399999996,-9.1468565,18.0,flat,2.0
33,30990167,1150.0,rent,66.0,1,1,38.746598799999994,-9.152440400000001,17.0,flat,1.0
34,30985329,1100.0,rent,85.0,1,2,38.7352658,-9.1627586,13.0,flat,5.0
35,30969435,725.0,rent,33.0,1,1,38.727192200000005,-9.1353379,22.0,flat,1.0
36,30969437,825.0,rent,45.0,2,1,38.7262922,-9.1360379,18.0,flat,3.0
37,30969493,600.0,rent,45.0,1,1,38.7238922,-9.1358379,13.0,flat,4.0
38,30984615,1150.0,rent,60.0,1,1,38.7451578,-9.1521641,19.0,flat,1.0
39,30983130,1150.0,rent,55.0,1,1,38.745598799999996,-9.151040400000001,21.0,flat,2.0
1,30967865,1500.0,rent,62.0,2,1,38.7253408,-9.145433500000001,24.0,flat,1.0
2,30967856,990.0,rent,50.0,1,1,38.7241261,-9.1519146,20.0,flat,2.0
4,30966702,2100.0,rent,204.0,3,3,38.75125739999999,-9.171361,10.0,flat,2.0
7,30935394,1500.0,rent,110.0,4,2,38.752512,-9.1457984,14.0,flat,3.0
8,30914134,900.0,rent,61.0,1,1,38.747879600000005,-9.149890800000001,15.0,flat,1.0
9,30914105,950.0,rent,78.0,2,1,38.7321964,-9.1393538,12.0,flat,2.0
10,30912255,800.0,rent,55.0,1,1,38.7150382,-9.1574638,15.0,flat,1.0
11,30912262,1050.0,rent,70.0,1,1,38.7138901,-9.1523706,15.0,duplex,3.0
12,30912241,1050.0,rent,70.0,1,1,38.7168901,-9.151170599999999,15.0,duplex,3.0
13,30907527,1000.0,rent,68.0,1,1,38.7096796,-9.1520926,15.0,flat,3.0
14,30903498,1300.0,rent,88.0,2,1,38.736045399999995,-9.145378599999999,15.0,flat,4.0
16,30895231,990.0,rent,80.0,3,1,38.7271275,-9.1428526,12.0,flat,3.0
17,30892043,990.0,rent,86.0,3,1,38.7095598,-9.1462561,12.0,flat,0.0
18,30890123,2500.0,rent,150.0,2,2,38.736296200000005,-9.1474481,17.0,flat,1.0
19,30887654,2500.0,rent,120.0,3,2,38.7564625,-9.1724386,21.0,flat,4.0
20,30886347,2500.0,rent,120.0,3,2,38.7566967,-9.1708272,21.0,flat,4.0
21,30884446,750.0,rent,40.0,1,1,38.7155646,-9.1390554,19.0,flat,1.0
23,30853975,1000.0,rent,95.0,2,1,38.7312899,-9.140130099999999,11.0,flat,3.0
26,30850004,2350.0,rent,170.0,4,3,38.717814000000004,-9.1358168,14.0,duplex,4.0
28,30823153,990.0,rent,48.0,1,1,38.7225577,-9.149338900000002,21.0,flat,2.0
30,30792766,1100.0,rent,60.0,1,1,38.71682379999999,-9.137106,18.0,flat,4.0
31,30775188,990.0,rent,40.0,1,1,38.7254549,-9.1518211,25.0,flat,2.0
32,30757270,1950.0,rent,140.0,3,2,38.713488,-9.1553938,14.0,flat,3.0
33,30746271,1150.0,rent,100.0,2,1,38.7196042,-9.142630699999998,12.0,flat,1.0
34,30738851,2400.0,rent,138.0,1,1,38.711249,-9.145521400000002,17.0,flat,4.0
35,30728371,1150.0,rent,90.0,2,1,38.7187989,-9.132279400000002,13.0,flat,0.0
38,30681553,1000.0,rent,110.0,5,1,38.734831,-9.1396073,9.0,flat,2.0
5,30600211,1000.0,rent,50.0,1,1,38.7306158,-9.1359041,20.0,flat,1.0
6,29690682,1300.0,rent,96.0,2,2,38.7682981,-9.152220100000001,14.0,flat,6.0
7,28642348,2600.0,rent,175.0,3,2,38.7213951,-9.1630235,15.0,flat,8.0
8,28892590,1180.0,rent,82.0,2,1,38.742684000000004,-9.1390677,14.0,flat,0.0
9,30442886,990.0,rent,75.0,2,1,38.7601733,-9.1406454,13.0,flat,3.0
11,30426791,1150.0,rent,53.0,2,1,38.7187091,-9.1614669,22.0,flat,3.0
12,30426769,990.0,rent,45.0,1,1,38.7207091,-9.161766900000002,22.0,flat,0.0
13,30403457,880.0,rent,61.0,2,1,38.724999600000004,-9.119074099999999,14.0,flat,3.0
14,30393620,950.0,rent,55.0,1,1,38.7316027,-9.123528199999999,17.0,flat,0.0
15,30384674,1300.0,rent,72.0,2,1,38.744021999999994,-9.122870599999999,18.0,flat,2.0
16,29665959,1100.0,rent,71.0,2,1,38.7274006,-9.1658862,15.0,flat,3.0
17,31176204,800.0,rent,72.0,1,2,38.7173934,-9.1227284,11.0,flat,1.0
18,31175827,1500.0,rent,98.0,2,1,38.709660799999995,-9.1380106,15.0,flat,2.0
19,31171619,640.0,rent,50.6,1,1,38.73680529999999,-9.1247003,13.0,flat,1.0
20,31170146,1000.0,rent,63.0,2,1,38.7352342,-9.128521000000001,16.0,flat,1.0
22,31167514,1500.0,rent,90.0,2,1,38.7228617,-9.151390300000001,17.0,flat,6.0
23,31164238,1800.0,rent,159.0,3,2,38.734468299999996,-9.1500054,11.0,flat,3.0
28,31147301,1150.0,rent,106.0,2,2,38.7438718,-9.1392918,11.0,flat,2.0
30,31141578,925.0,rent,56.0,1,1,38.726844799999995,-9.135816499999999,17.0,flat,5.0
31,31141415,800.0,rent,45.0,1,1,38.7275448,-9.1384165,18.0,flat,5.0
32,31141413,925.0,rent,56.0,1,1,38.7271448,-9.1361165,17.0,flat,5.0
33,31140479,900.0,rent,45.0,0,1,38.708042799999994,-9.1456579,20.0,studio,3.0
34,31060673,1200.0,rent,80.0,1,1,38.7439938,-9.1340905,15.0,flat,1.0
35,30952985,1150.0,rent,83.0,2,1,38.74276939999999,-9.1673209,14.0,flat,16.0
38,31127983,1600.0,rent,120.0,3,2,38.7170642,-9.1673046,13.0,flat,5.0
39,31126392,1300.0,rent,60.0,3,1,38.7138527,-9.139345800000001,22.0,flat,5.0
0,31124770,1125.0,rent,85.0,3,1,38.7184067,-9.1686711,13.0,flat,3.0
1,31121424,1550.0,rent,144.0,3,2,38.741114700000004,-9.133392,11.0,flat,2.0
2,31109572,2900.0,rent,114.0,2,2,38.721394399999994,-9.1500049,25.0,flat,3.0
3,31104130,1000.0,rent,120.0,2,1,38.7681888,-9.1124573,8.0,flat,1.0
4,30640551,1750.0,rent,170.0,5,2,38.71098679999999,-9.1354015,10.0,flat,3.0
5,31093695,1400.0,rent,125.0,2,2,38.71311179999999,-9.1454007,11.0,flat,3.0
6,31088060,1600.0,rent,120.0,2,1,38.7404063,-9.1550677,13.0,flat,6.0
7,31079586,1500.0,rent,120.0,3,2,38.7209424,-9.1362849,13.0,flat,1.0
8,30730902,1955.0,rent,81.0,2,2,38.7208042,-9.142158199999999,24.0,flat,6.0
9,30504736,1200.0,rent,86.0,3,2,38.7259683,-9.164900300000001,14.0,penthouse,4.0
10,31028860,1250.0,rent,110.0,2,2,38.741342200000005,-9.1243486,11.0,flat,5.0
11,31019745,1650.0,rent,129.0,3,2,38.7251532,-9.154517599999998,13.0,penthouse,5.0
12,31004706,2350.0,rent,160.0,3,2,38.721151899999995,-9.154125,15.0,flat,1.0
13,31001816,1900.0,rent,151.0,3,2,38.7091471,-9.1544591,13.0,flat,4.0
14,30666410,1390.0,rent,100.0,3,2,38.7213334,-9.140411,14.0,flat,3.0
15,30988547,1600.0,rent,96.0,2,2,38.7233177,-9.1459214,17.0,flat,4.0
16,30967844,1630.0,rent,140.0,3,2,38.742092299999996,-9.1421363,12.0,flat,0.0
18,30931783,1350.0,rent,65.0,1,1,38.714678799999994,-9.1348757,21.0,flat,3.0
19,30921436,3000.0,rent,234.0,3,3,38.7250047,-9.15811,13.0,flat,1.0
20,30903762,2100.0,rent,110.0,2,2,38.72578529999999,-9.1493817,19.0,flat,5.0
21,30899998,1200.0,rent,130.0,2,2,38.7660153,-9.156215099999999,9.0,flat,3.0
22,30730907,3145.0,rent,133.0,3,3,38.7200042,-9.141458199999999,24.0,flat,8.0
23,30924698,1300.0,rent,110.0,2,2,38.7314494,-9.149034599999998,12.0,flat,0.0
25,31162400,1450.0,rent,120.0,2,1,38.7122351,-9.130104699999999,12.0,flat,4.0
26,31115369,1650.0,rent,102.0,2,1,38.7332826,-9.1422901,16.0,penthouse,6.0
27,31114986,1250.0,rent,93.0,2,1,38.7650143,-9.1524442,13.0,flat,8.0
28,31106995,2600.0,rent,172.0,4,3,38.7489791,-9.1491729,15.0,flat,2.0
30,31095416,1975.0,rent,113.0,2,2,38.7332715,-9.147343,17.0,flat,8.0
31,31092224,2400.0,rent,108.0,2,2,38.7289853,-9.1478817,22.0,duplex,7.0
32,31092319,1250.0,rent,90.0,3,2,38.725474,-9.1467763,14.0,flat,3.0
33,31090280,750.0,rent,64.0,1,1,38.7278374,-9.132429,12.0,flat,0.0
34,31073148,3100.0,rent,226.0,3,3,38.7485106,-9.145491,14.0,penthouse,6.0
36,31084507,1500.0,rent,125.0,2,2,38.7073299,-9.143599499999999,12.0,flat,4.0
37,31080905,900.0,rent,75.0,0,1,38.731854299999995,-9.1516097,12.0,studio,1.0
38,31080955,1600.0,rent,106.0,2,1,38.731854299999995,-9.1516097,15.0,flat,8.0
0,31079378,1650.0,rent,129.0,3,2,38.727951399999995,-9.157531800000001,13.0,flat,5.0
1,31071564,1200.0,rent,100.0,2,1,38.7302109,-9.1515255,12.0,flat,2.0
2,31057306,1150.0,rent,90.0,1,2,38.7497143,-9.1738933,13.0,flat,2.0
3,31055291,850.0,rent,68.0,2,1,38.720116,-9.1335754,13.0,flat,9.0
4,31051733,3800.0,rent,265.0,6,4,38.7174234,-9.1576448,14.0,flat,4.0
5,31051326,1600.0,rent,112.0,2,2,38.7271177,-9.1453214,14.0,flat,4.0
10,31034080,1500.0,rent,88.0,5,2,38.725578799999994,-9.1418346,17.0,flat,3.0
11,30769094,1350.0,rent,90.0,2,2,38.746407700000006,-9.173740800000001,15.0,flat,6.0
13,31019949,1850.0,rent,110.0,2,2,38.7160126,-9.1535616,17.0,flat,3.0
15,30991858,750.0,rent,60.0,0,1,38.745542,-9.1543838,13.0,studio,7.0
16,30988748,880.0,rent,85.0,2,1,38.75380139999999,-9.1732859,10.0,flat,3.0
17,30958062,2800.0,rent,189.0,3,3,38.7261564,-9.146031599999999,15.0,flat,1.0
18,30939378,1400.0,rent,94.0,2,2,38.7227338,-9.128624199999999,15.0,flat,4.0
19,30910338,1900.0,rent,74.75,1,2,38.711039299999996,-9.1314653,25.0,flat,3.0
22,30908509,2000.0,rent,52.9,1,1,38.711039299999996,-9.134065300000001,38.0,flat,1.0
24,30881209,1900.0,rent,129.0,3,2,38.7256532,-9.1546176,15.0,flat,5.0
26,30847205,890.0,rent,70.0,3,1,38.7138859,-9.1247201,13.0,flat,1.0
27,30845799,3450.0,rent,246.0,5,4,38.7301365,-9.150148800000002,14.0,flat,4.0
28,30788232,5000.0,rent,124.0,2,1,38.7232919,-9.1575344,40.0,flat,1.0
30,30754360,2500.0,rent,230.0,4,4,38.730016799999994,-9.1392368,11.0,flat,5.0
33,30718639,3950.0,rent,212.0,5,3,38.7221028,-9.1447742,19.0,flat,4.0
34,30577224,3900.0,rent,220.0,7,2,38.7182798,-9.143576,18.0,flat,2.0
35,30509669,1600.0,rent,112.0,2,2,38.7077481,-9.135065699999998,14.0,flat,2.0
36,30487181,2000.0,rent,125.0,2,2,38.733976,-9.1450677,16.0,flat,2.0
38,30471849,1700.0,rent,109.25,2,1,38.724594700000004,-9.164321800000002,16.0,flat,2.0
0,31180392,800.0,rent,68.0,1,1,38.7180843,-9.1617161,12.0,flat,1.0
1,31180332,1500.0,rent,135.0,4,2,38.7173321,-9.1691064,11.0,flat,2.0
2,31180359,1550.0,rent,145.0,3,2,38.743314700000006,-9.132492,11.0,flat,3.0
3,31180330,700.0,rent,45.0,1,1,38.7308643,-9.138813699999998,16.0,flat,1.0
4,31180348,900.0,rent,80.0,1,1,38.767631099999996,-9.1518832,11.0,flat,3.0
5,31180307,750.0,rent,70.0,2,2,38.7392878,-9.1313174,11.0,flat,0.0
6,31180058,1150.0,rent,104.0,4,2,38.7333613,-9.1057771,11.0,flat,5.0
7,31180010,1600.0,rent,128.0,2,2,38.7476206,-9.1531108,13.0,flat,4.0
9,30874376,600.0,rent,37.0,0,1,38.709357000000004,-9.156348699999999,16.0,studio,0.0
16,31179440,900.0,rent,74.0,2,1,38.7266595,-9.1460353,12.0,flat,4.0
18,31179211,650.0,rent,45.0,2,1,38.7435115,-9.1111719,14.0,flat,2.0
20,31178537,850.0,rent,47.0,1,1,38.7466173,-9.1692492,18.0,flat,2.0
21,31178488,650.0,rent,50.0,2,1,38.7163601,-9.150349900000002,13.0,flat,3.0
22,31178225,1699.0,rent,102.0,2,1,38.71093,-9.135926300000001,17.0,flat,3.0
23,31178082,825.0,rent,60.0,1,1,38.7210656,-9.1594537,14.0,flat,0.0
24,31178065,720.0,rent,51.0,2,1,38.7181484,-9.151615,14.0,flat,1.0
25,31177977,1200.0,rent,110.0,4,2,38.7465261,-9.148114300000001,11.0,flat,2.0
26,31177940,1300.0,rent,90.0,2,1,38.71123,-9.1639155,14.0,flat,3.0
27,31177480,3750.0,rent,225.0,4,4,38.733523999999996,-9.1518229,17.0,flat,3.0
28,31176647,3000.0,rent,276.0,4,3,38.7226467,-9.1600546,11.0,flat,1.0
29,31176516,800.0,rent,65.0,2,1,38.715486999999996,-9.1290385,12.0,flat,3.0
30,31172717,1800.0,rent,91.0,1,1,38.7553441,-9.096894800000001,20.0,flat,2.0
32,30786334,1350.0,rent,74.0,1,2,38.720710700000005,-9.130372999999999,18.0,flat,2.0
34,30998097,6000.0,rent,335.0,4,5,38.72279879999999,-9.1182791,18.0,flat,1.0
35,31071694,2750.0,rent,220.0,4,4,38.739712299999994,-9.1361435,13.0,flat,4.0
36,30926687,5000.0,rent,146.0,3,3,38.709998399999996,-9.142545,34.0,flat,5.0
37,29851483,10000.0,rent,372.0,4,4,38.7397339,-9.155731900000001,27.0,flat,6.0
38,30340028,4050.0,rent,200.0,4,4,38.7339035,-9.1456154,20.0,flat,2.0
39,31079819,900.0,rent,115.0,2,1,38.7667401,-9.1137674,8.0,flat,2.0
0,30109011,1400.0,rent,79.0,1,1,38.7551092,-9.0970145,18.0,flat,4.0
2,31062846,3000.0,rent,235.0,4,1,38.7246467,-9.1607546,13.0,flat,0.0
4,30936568,1850.0,rent,98.0,2,2,38.727095299999995,-9.1454602,19.0,flat,2.0
5,31033553,1800.0,rent,109.25,2,2,38.7251889,-9.146426400000001,16.0,flat,2.0
6,30749449,3300.0,rent,310.0,6,2,38.7246098,-9.153400099999999,11.0,flat,2.0
7,28618079,3900.0,rent,160.0,3,3,38.7472921,-9.146728199999998,24.0,flat,5.0
8,30931632,2500.0,rent,77.0,2,2,38.7074102,-9.1390054,32.0,flat,5.0
9,30240978,800.0,rent,61.0,1,1,38.7143784,-9.1284136,13.0,flat,0.0
10,30871876,1100.0,rent,55.0,1,1,38.7563617,-9.150973800000001,20.0,flat,7.0
11,31131001,950.0,rent,84.0,3,1,38.7652291,-9.158899900000002,11.0,flat,0.0
13,31138451,1900.0,rent,137.0,3,2,38.7491544,-9.142509,14.0,flat,3.0
14,30940685,1590.0,rent,195.0,3,2,38.729695299999996,-9.157750300000002,8.0,flat,3.0
15,30601810,1790.0,rent,121.0,3,2,38.7532331,-9.1721635,15.0,flat,7.0
16,28612599,1900.0,rent,95.0,2,2,38.7454637,-9.148189,20.0,flat,2.0
17,31169826,680.0,rent,55.0,1,1,38.7382234,-9.1187324,12.0,flat,3.0
18,30390545,4000.0,rent,136.0,3,2,38.7087065,-9.1432505,29.0,flat,6.0
19,31178064,1300.0,rent,69.0,1,1,38.74021320000001,-9.145124800000001,19.0,flat,3.0
20,31177599,1500.0,rent,65.0,1,1,38.742313200000005,-9.149024800000001,23.0,flat,2.0
21,31177477,600.0,rent,38.0,1,1,38.7154357,-9.130032199999999,16.0,flat,1.0
22,30892180,1900.0,rent,115.0,1,1,38.7207095,-9.1510707,17.0,flat,2.0
23,30653870,1100.0,rent,96.0,4,2,38.7139167,-9.1290039,11.0,flat,0.0
24,30614690,2900.0,rent,337.0,4,4,38.739755,-9.167857000000001,9.0,flat,4.0
25,30916222,1800.0,rent,150.0,4,3,38.747413200000004,-9.1490192,12.0,flat,5.0
26,31178022,750.0,rent,40.0,2,1,38.72412070000001,-9.130365699999999,19.0,flat,0.0
27,31169075,750.0,rent,60.0,1,1,38.737196000000004,-9.1624985,13.0,flat,2.0
29,30796158,1250.0,rent,140.0,3,2,38.7477122,-9.1696281,9.0,flat,2.0
34,30485040,1100.0,rent,48.0,1,1,38.7172275,-9.142227,23.0,flat,2.0
35,28043249,1400.0,rent,80.0,2,1,38.7249332,-9.145596699999999,18.0,flat,4.0
36,30251707,5000.0,rent,250.0,4,2,38.732381700000005,-9.1509942,20.0,flat,5.0
37,31132377,1000.0,rent,64.0,2,1,38.7361903,-9.1517231,16.0,flat,3.0
38,31101450,1200.0,rent,126.0,1,1,38.712670200000005,-9.127712400000002,10.0,flat,0.0
0,31167585,850.0,rent,60.0,1,1,38.71397,-9.151692,14.0,flat,1.0
1,31144242,800.0,rent,70.0,2,1,38.729186600000006,-9.122657199999999,11.0,flat,1.0
3,31177390,750.0,rent,119.0,1,1,38.710190000000004,-9.1522204,6.0,flat,1.0
8,31169049,1300.0,rent,100.0,3,2,38.722389899999996,-9.143230699999998,13.0,flat,3.0
9,31167944,2990.0,rent,215.0,4,4,38.7638816,-9.1608454,14.0,flat,7.0
10,31005603,750.0,rent,57.5,2,1,38.7113814,-9.1421586,13.0,flat,1.0
11,30887022,1800.0,rent,152.0,3,3,38.748616600000005,-9.1645588,12.0,flat,7.0
12,30854945,1650.0,rent,95.0,2,2,38.7228133,-9.1620968,17.0,flat,0.0
13,30854962,1550.0,rent,96.0,2,2,38.7217133,-9.160396800000001,16.0,flat,1.0
14,30668782,1800.0,rent,149.0,2,3,38.7226095,-9.1544707,12.0,flat,0.0
15,31124999,3100.0,rent,214.0,5,4,38.7210458,-9.163732000000001,14.0,flat,2.0
16,31117056,1500.0,rent,105.0,3,2,38.7263607,-9.1311408,14.0,flat,4.0
17,31007190,625.0,rent,48.0,1,1,38.7129846,-9.1356001,13.0,flat,5.0
18,31177767,950.0,rent,40.0,0,1,38.7226914,-9.1551256,24.0,studio,3.0
20,31113024,1150.0,rent,80.0,2,2,38.7522796,-9.14258,14.0,flat,2.0
21,31110347,1150.0,rent,121.0,3,2,38.742212200000004,-9.128254,10.0,flat,5.0
22,31094544,1000.0,rent,62.0,1,1,38.7320158,-9.1482614,16.0,flat,1.0
23,31078761,1800.0,rent,96.0,1,2,38.7211095,-9.1518707,19.0,flat,6.0
24,31007352,2750.0,rent,143.0,3,2,38.7198326,-9.1328698,19.0,flat,1.0
25,30815719,780.0,rent,76.0,2,1,38.7413528,-9.1771954,10.0,flat,1.0
26,30775438,2000.0,rent,160.0,1,2,38.7110987,-9.1494407,13.0,flat,1.0
27,30203917,2800.0,rent,230.0,3,3,38.7171977,-9.153181,12.0,duplex,0.0
28,30083658,1300.0,rent,94.0,2,1,38.7172254,-9.1482838,14.0,flat,1.0
29,31143683,3750.0,rent,349.0,4,4,38.728759000000004,-9.1498518,11.0,flat,3.0
30,31135106,1500.0,rent,150.0,3,2,38.7343287,-9.1472935,10.0,flat,1.0
31,31121910,1450.0,rent,120.0,5,3,38.7461136,-9.134210699999999,12.0,flat,2.0
32,31172794,1500.0,rent,135.0,4,2,38.7173321,-9.1665064,11.0,flat,2.0
34,31109556,1350.0,rent,110.0,2,2,38.754407799999996,-9.1699219,12.0,flat,5.0
36,31098855,2300.0,rent,177.0,2,2,38.7217502,-9.1519715,13.0,flat,1.0
37,31098854,2000.0,rent,130.0,2,2,38.719050200000005,-9.1512715,15.0,flat,2.0
38,31098853,3000.0,rent,207.0,3,3,38.7202502,-9.1515715,14.0,flat,3.0
0,31044842,2150.0,rent,164.0,3,3,38.728005700000004,-9.1467279,13.0,flat,4.0
2,30967326,1100.0,rent,44.0,1,1,38.7171441,-9.145773599999998,25.0,flat,1.0
3,30967320,1100.0,rent,44.0,1,1,38.7169441,-9.146473599999998,25.0,flat,1.0
4,30944920,1100.0,rent,36.0,1,1,38.7438054,-9.17394,31.0,flat,0.0
8,30519320,2500.0,rent,246.0,9,4,38.7238289,-9.152747699999999,10.0,flat,4.0
9,29944250,2000.0,rent,143.0,2,3,38.7168642,-9.162766699999999,14.0,flat,1.0
10,31158692,750.0,rent,68.0,1,1,38.7472705,-9.1568374,11.0,flat,3.0
11,29526291,3000.0,rent,217.0,4,2,38.7214758,-9.154539199999999,14.0,flat,5.0
12,31148376,1400.0,rent,123.0,3,2,38.7468337,-9.133161999999999,11.0,flat,0.0
13,30098158,2000.0,rent,135.0,2,3,38.7198095,-9.1519707,15.0,flat,1.0
14,31130335,1950.0,rent,105.0,2,3,38.732539,-9.150300999999999,19.0,flat,2.0
16,31177445,1500.0,rent,112.0,2,2,38.7203407,-9.143092800000002,13.0,duplex,1.0
17,31170473,2200.0,rent,150.0,4,3,38.7272687,-9.1641991,15.0,flat,5.0
18,31164947,1525.0,rent,145.0,3,2,38.74121470000001,-9.133392,11.0,flat,1.0
19,31112902,550.0,rent,40.0,1,1,38.7109333,-9.1489265,14.0,flat,0.0
20,31109332,1700.0,rent,150.0,3,2,38.736231200000006,-9.1550884,11.0,flat,2.0
21,31095888,1650.0,rent,112.0,3,4,38.7209365,-9.144296699999998,15.0,duplex,2.0
22,31095858,1350.0,rent,122.0,2,2,38.7210365,-9.144196699999998,11.0,flat,1.0
23,31089266,1700.0,rent,165.0,3,3,38.750943400000004,-9.1418862,10.0,flat,5.0
24,31080102,1500.0,rent,140.0,4,3,38.7468778,-9.1668566,11.0,flat,11.0
25,31076280,850.0,rent,85.0,2,2,38.746441299999994,-9.1602672,10.0,flat,4.0
26,30038870,1050.0,rent,75.0,2,2,38.7183276,-9.1422174,14.0,flat,4.0
27,31072128,1400.0,rent,158.0,2,2,38.738455,-9.167857000000001,9.0,flat,17.0
28,30472065,1500.0,rent,140.0,3,2,38.7412245,-9.139002,11.0,flat,4.0
29,31053150,10000.0,rent,519.0,6,6,38.7421221,-9.158720599999999,19.0,flat,5.0
30,31050027,1500.0,rent,130.0,3,2,38.742043,-9.1261896,12.0,flat,13.0
31,29472170,650.0,rent,56.0,1,1,38.7316455,-9.139665699999998,12.0,flat,1.0
32,31031424,1100.0,rent,55.0,1,1,38.7109922,-9.135518300000001,20.0,flat,4.0
33,31026155,2990.0,rent,250.0,4,3,38.7579172,-9.098438900000001,12.0,flat,7.0
34,31022404,1900.0,rent,140.0,2,2,38.735398100000005,-9.1531562,14.0,flat,2.0
35,31019662,2000.0,rent,150.0,4,3,38.752153799999995,-9.1740931,13.0,flat,6.0
38,30969068,1000.0,rent,103.0,3,2,38.7407093,-9.157622199999999,10.0,flat,1.0
39,30929806,1000.0,rent,65.0,1,1,38.7471015,-9.1328187,15.0,flat,6.0
0,30901543,2000.0,rent,130.0,3,3,38.7556122,-9.1398018,15.0,flat,3.0
1,30899084,1400.0,rent,75.0,2,1,38.721248200000005,-9.124743400000002,19.0,flat,11.0
2,30887720,875.0,rent,63.0,1,1,38.7243525,-9.1366478,14.0,flat,3.0
3,30839513,1500.0,rent,121.0,3,2,38.7310045,-9.1440486,12.0,flat,3.0
4,30833272,4500.0,rent,230.0,4,3,38.7407974,-9.1422033,20.0,flat,5.0
5,30805381,800.0,rent,76.0,3,1,38.7332069,-9.1351504,11.0,flat,4.0
6,30799992,875.0,rent,54.0,1,1,38.73547,-9.1242679,16.0,flat,7.0
7,30787242,2000.0,rent,155.0,3,3,38.708601,-9.1326754,13.0,flat,2.0
8,30758955,1000.0,rent,65.0,2,1,38.736593799999994,-9.1626012,15.0,flat,4.0
9,30755314,1800.0,rent,111.0,2,2,38.7561414,-9.145076300000001,16.0,flat,5.0
10,30737010,1950.0,rent,167.0,3,2,38.7320649,-9.1432933,12.0,flat,4.0
11,28913780,900.0,rent,52.0,1,1,38.730995799999995,-9.142739500000001,17.0,flat,2.0
12,30705845,2500.0,rent,208.0,5,4,38.735255,-9.147646400000001,12.0,flat,5.0
13,30697588,3500.0,rent,200.0,3,3,38.7207235,-9.149548699999999,18.0,flat,0.0
14,30685773,2000.0,rent,153.0,3,3,38.748196899999996,-9.1493834,13.0,flat,1.0
15,30682970,2950.0,rent,165.0,3,2,38.7078773,-9.140108099999999,18.0,flat,3.0
16,30681908,5500.0,rent,145.0,4,3,38.7177089,-9.1413203,38.0,flat,2.0
17,30376799,930.0,rent,70.0,1,1,38.718464000000004,-9.132373699999999,13.0,flat,0.0
18,30305418,1200.0,rent,75.0,2,1,38.7403378,-9.1319397,16.0,flat,1.0
19,30175498,1500.0,rent,135.0,3,2,38.7588979,-9.140084,11.0,flat,0.0
20,29139053,1000.0,rent,100.0,2,2,38.7383351,-9.1330279,10.0,flat,2.0
21,31168341,5500.0,rent,227.0,3,4,38.7194337,-9.1429796,24.0,flat,6.0
22,31167856,1900.0,rent,120.0,2,2,38.743312100000004,-9.142142699999999,16.0,flat,1.0
23,31162150,1400.0,rent,72.0,1,2,38.7202674,-9.1462422,19.0,flat,3.0
25,28003982,5200.0,rent,140.0,3,3,38.7110597,-9.139509599999998,37.0,flat,4.0
26,31149386,2500.0,rent,136.0,4,2,38.714879100000005,-9.1422925,18.0,flat,3.0
27,31134706,2950.0,rent,180.0,3,3,38.7283398,-9.1582055,16.0,flat,5.0
28,31134470,1400.0,rent,120.0,4,2,38.7388435,-9.1461566,12.0,flat,4.0
29,31132065,1825.0,rent,125.0,2,2,38.7304467,-9.1521056,15.0,flat,1.0
30,31131339,1980.0,rent,128.0,2,3,38.7209067,-9.1324021,15.0,flat,2.0
32,31127717,1200.0,rent,126.0,1,1,38.7118381,-9.129318199999998,10.0,flat,0.0
33,31123950,925.0,rent,73.0,1,1,38.7266158,-9.1394041,13.0,flat,3.0
34,31123529,925.0,rent,73.0,1,1,38.7277158,-9.1383041,13.0,flat,5.0
35,31123527,925.0,rent,73.0,1,1,38.7304158,-9.1370041,13.0,flat,5.0
36,31123526,800.0,rent,57.0,1,1,38.7273158,-9.139104099999999,14.0,flat,2.0
0,31178084,1450.0,rent,152.0,3,2,38.740019200000006,-9.150495300000001,10.0,flat,2.0
1,31033149,2300.0,rent,287.5,4,3,38.7492431,-9.1527065,8.0,flat,5.0
3,31015101,1000.0,rent,104.0,2,3,38.710078499999995,-9.1483813,10.0,flat,4.0
4,31006473,1300.0,rent,110.0,3,2,38.7232924,-9.143831,12.0,flat,3.0
5,31006323,1100.0,rent,120.0,2,2,38.7113216,-9.1587149,9.0,flat,1.0
7,30965103,1050.0,rent,104.0,2,1,38.7090785,-9.1484813,10.0,flat,1.0
8,30965086,1650.0,rent,127.0,2,3,38.7201157,-9.1320414,13.0,flat,1.0
10,30921846,2600.0,rent,180.0,4,3,38.7335315,-9.149594,14.0,flat,5.0
14,30910611,750.0,rent,54.0,1,1,38.713743900000004,-9.1302951,14.0,flat,1.0
15,30887860,1750.0,rent,92.0,1,1,38.7219326,-9.1440091,19.0,flat,2.0
16,30863854,3600.0,rent,267.0,3,4,38.726191899999996,-9.1602344,13.0,flat,7.0
17,30850404,1500.0,rent,123.0,3,2,38.746439,-9.1323657,12.0,flat,0.0
18,30842696,1100.0,rent,48.0,1,1,38.7126568,-9.141943800000002,23.0,flat,1.0
19,30836251,800.0,rent,55.0,1,1,38.726123,-9.159816000000001,15.0,flat,2.0
21,28743451,2600.0,rent,180.0,3,3,38.738902,-9.151927,14.0,flat,4.0
22,30597733,1600.0,rent,110.0,3,2,38.733741200000004,-9.1564027,15.0,flat,2.0
23,29839056,3000.0,rent,249.0,4,2,38.719068799999995,-9.1548424,12.0,flat,2.0
24,30235067,950.0,rent,65.0,1,1,38.7161729,-9.133783,15.0,flat,2.0
25,31161755,1645.0,rent,160.0,4,3,38.747308200000006,-9.139938699999998,10.0,flat,8.0
26,30232802,1100.0,rent,99.0,2,2,38.7208234,-9.129029899999999,11.0,flat,1.0
29,31172997,2100.0,rent,98.0,3,2,38.7137295,-9.151957099999999,21.0,flat,3.0
30,31172996,1300.0,rent,85.0,3,2,38.7250091,-9.144429800000001,15.0,flat,3.0
31,31172627,1950.0,rent,180.0,6,2,38.733941200000004,-9.155902699999999,11.0,flat,3.0
33,31111975,3750.0,rent,200.0,5,4,38.7411131,-9.140937599999999,19.0,flat,1.0
34,31110692,1200.0,rent,65.0,1,2,38.7475045,-9.1750678,18.0,flat,2.0
35,31109948,1200.0,rent,66.0,2,1,38.716657299999994,-9.1581198,18.0,flat,3.0
36,31095166,1000.0,rent,51.0,1,1,38.719434899999996,-9.1279783,20.0,flat,2.0
38,29383576,3450.0,rent,118.0,2,2,38.71776129999999,-9.148275300000002,29.0,flat,1.0
39,31079279,2200.0,rent,126.0,1,2,38.7092891,-9.144485000000001,17.0,flat,3.0
